2018-04-27 09:47:02.157,1310
2018-04-27 09:49:34.087,1317
2018-04-27 09:50:35.943,1306
2018-04-27 10:02:58.068,1326
2018-04-27 10:08:59.085,1307
2018-04-27 17:59:44.864,1023
2018-04-27 18:07:10.465,307
2018-04-27 18:17:36.638,0
2018-04-30 13:06:35.371,1169
2018-04-30 13:07:34.201,1233
2018-04-30 13:17:58.824,1212
2018-04-30 13:27:57.904,1187
2018-04-30 13:37:58.245,1258
2018-04-30 13:58:00.480,1156
2018-04-30 14:07:57.843,1146
2018-04-30 14:18:02.035,1168
2018-04-30 14:27:58.786,1149
2018-04-30 14:47:59.508,1179
2018-04-30 14:57:59.014,1153
2018-04-30 15:07:59.787,1120
2018-04-30 15:17:58.447,1137
2018-04-30 15:28:00.141,1163
2018-04-30 15:37:57.709,1132
2018-04-30 15:47:59.162,1185
2018-04-30 15:57:58.513,1167
2018-04-30 16:07:59.898,1141
2018-04-30 16:18:00.700,1167
2018-04-30 16:27:59.124,1145
2018-05-01 11:13:14.885,1005
2018-05-01 11:14:34.895,1253
2018-05-01 11:25:00.478,1265
2018-05-01 11:35:00.795,1273
2018-05-01 11:45:00.443,1244
2018-05-01 11:55:00.749,1247
2018-05-01 12:05:34.271,1252
2018-05-01 12:15:34.593,1226
2018-05-01 12:25:16.527,1225
2018-05-01 12:41:25.866,1235
2018-05-01 12:45:35.587,1243
2018-05-01 12:55:00.119,1243
2018-05-01 13:06:40.904,1238
2018-05-01 13:15:16.849,1247
2018-05-01 13:33:02.604,1251
2018-05-01 13:35:00.699,1239
2018-05-01 13:44:58.243,1240
2018-05-01 13:54:59.384,1245
2018-05-01 14:04:58.405,1251
2018-05-01 14:14:58.530,1234
2018-05-01 14:24:58.339,1219
2018-05-01 14:34:58.681,1222
2018-05-01 14:44:59.117,1243
2018-05-01 14:54:59.373,1209
2018-05-01 15:04:58.439,1229
2018-05-01 15:14:58.180,1207
2018-05-01 15:24:58.854,1226
2018-05-01 15:34:58.793,1225
2018-05-01 15:44:58.716,1207
2018-05-01 15:54:59.604,1226
2018-05-01 16:04:59.037,1207
2018-05-01 16:14:58.002,1228
2018-05-01 16:25:00.255,1238
2018-05-01 16:34:57.971,1241
2018-05-01 16:44:57.668,1240
2018-05-01 16:54:58.026,1236
2018-05-01 17:04:57.643,1230
2018-05-01 17:15:00.498,1236
2018-05-01 17:24:58.055,1251
2018-05-01 17:34:58.418,1203
2018-05-01 17:44:59.393,1248
2018-05-01 17:54:58.107,1247
2018-05-01 18:04:57.631,1239
2018-05-01 18:14:58.089,1249
2018-05-01 18:24:57.730,1247
2018-05-01 18:34:57.503,1290
2018-05-01 18:46:16.059,3352
2018-05-01 18:56:42.726,1
2018-05-01 19:06:42.601,2
2018-05-01 19:16:41.938,1
2018-05-01 19:26:41.015,3104
2018-05-01 19:36:41.465,3115
2018-05-01 19:46:42.204,3147
2018-05-01 19:56:41.780,3150
2018-05-01 20:06:41.643,3150
2018-05-01 20:16:40.912,3147
2018-05-01 20:26:42.593,3147
2018-05-01 20:36:40.815,3152
2018-05-01 20:46:41.603,3157
2018-05-01 20:56:40.859,3150
2018-05-01 21:06:41.264,3153
2018-05-01 21:16:41.558,3149
2018-05-01 21:26:41.233,3146
2018-05-01 21:36:41.427,3152
2018-05-01 21:46:40.152,3150
2018-05-01 21:56:42.494,3139
2018-05-01 22:06:41.814,3144
2018-05-01 22:16:40.949,3143
2018-05-01 22:26:41.544,3145
2018-05-01 22:36:40.153,3147
2018-05-01 22:46:41.826,3140
2018-05-01 22:56:40.768,3140
2018-05-01 23:06:40.553,3134
2018-05-01 23:16:46.010,3133
2018-05-01 23:26:44.492,3132
2018-05-01 23:36:44.622,3134
2018-05-01 23:46:44.535,3135
2018-05-01 23:56:40.812,3125
2018-05-02 00:06:40.920,3127
2018-05-02 00:16:40.236,3130
2018-05-02 00:26:40.639,3129
2018-05-02 00:36:40.821,3123
2018-05-02 00:46:40.617,3130
2018-05-02 00:56:40.220,3125
2018-05-02 01:06:40.538,3119
2018-05-02 01:16:40.569,3116
2018-05-02 01:26:39.927,3120
2018-05-02 01:36:40.259,3126
2018-05-02 01:46:40.510,3113
2018-05-02 01:56:40.211,3120
2018-05-02 02:06:39.760,3120
2018-05-02 02:16:39.878,3120
2018-05-02 02:26:39.860,3113
2018-05-02 02:36:40.542,3110
2018-05-02 02:46:40.501,3108
2018-05-02 02:56:40.201,3110
2018-05-02 03:06:39.995,3103
2018-05-02 03:16:40.481,3110
2018-05-02 03:26:39.967,3109
2018-05-02 03:36:40.234,3110
2018-05-02 03:46:39.862,3109
2018-05-02 03:56:38.975,3107
2018-05-02 04:06:39.938,3107
2018-05-02 04:16:38.390,3107
2018-05-02 04:26:39.998,3100
2018-05-02 04:41:40.260,3102
2018-05-02 04:47:02.723,3104
2018-05-02 04:57:34.298,3102
2018-05-02 05:08:00.252,3104
2018-05-02 05:18:04.378,3090
2018-05-02 05:28:29.996,3097
2018-05-02 05:38:30.267,3094
2018-05-02 05:48:29.969,3095
2018-05-02 05:58:29.630,3093
2018-05-02 06:08:50.089,3086
2018-05-02 06:19:15.659,3090
2018-05-02 06:39:15.123,3091
2018-05-02 06:49:15.392,3106
2018-05-02 06:59:15.057,3097
2018-05-02 07:09:16.580,3105
2018-05-02 07:19:16.801,3094
2018-05-02 07:29:16.038,3106
2018-05-02 07:39:15.144,3105
2018-05-02 07:49:15.659,3102
2018-05-02 07:59:14.484,3109
2018-05-02 08:09:15.282,3125
2018-05-02 08:19:15.468,3141
2018-05-02 08:39:15.026,3131
2018-05-02 08:49:14.763,3132
2018-05-02 08:59:15.075,3142
2018-05-02 09:09:14.799,3164
2018-05-02 09:39:15.860,3209
2018-05-02 09:49:14.752,3229
2018-05-02 09:59:15.021,3245
2018-05-02 10:09:15.745,3253
2018-05-02 10:19:14.554,3253
2018-05-02 10:29:15.169,3273
2018-05-02 10:39:16.039,3275
2018-05-02 10:49:14.767,3282
2018-05-02 10:59:16.579,3289
2018-05-02 11:09:14.803,3290
2018-05-02 11:19:15.759,3289
2018-05-02 11:29:14.806,3288
2018-05-02 11:39:14.812,3290
2018-05-02 11:49:17.358,3302
2018-05-02 11:59:13.242,3289
2018-05-02 12:09:14.811,3296
2018-05-02 12:19:14.744,3296
2018-05-02 12:29:14.131,3300
2018-05-02 12:49:15.413,3296
2018-05-02 12:59:14.596,3301
2018-05-02 13:09:16.702,3307
2018-05-02 13:19:14.994,3297
2018-05-02 13:29:14.297,3288
2018-05-02 13:39:15.075,3275
2018-05-02 13:49:14.779,3260
2018-05-02 13:59:13.095,3250
2018-05-02 14:09:14.285,3245
2018-05-02 14:19:15.485,3237
2018-05-02 14:29:15.217,3230
2018-05-02 14:39:14.051,3231
2018-05-02 14:49:13.545,3230
2018-05-02 14:59:14.568,3225
2018-05-02 15:09:15.165,3227
2018-05-02 15:19:13.878,3219
2018-05-02 15:29:14.319,3212
2018-05-02 15:39:13.771,3207
2018-05-02 15:49:14.452,3207
2018-05-02 15:59:14.932,3202
2018-05-02 16:09:14.217,3207
2018-05-02 16:19:13.914,3203
2018-05-02 16:29:14.106,3202
2018-05-02 16:39:13.818,3203
2018-05-02 16:49:13.954,3199
2018-05-02 16:59:13.842,3196
2018-05-02 17:09:13.404,3194
2018-05-02 17:19:13.779,3195
2018-05-02 17:29:13.400,3186
2018-05-02 17:39:14.599,3189
2018-05-02 17:49:13.462,3189
2018-05-02 17:59:12.464,3186
2018-05-02 18:09:12.876,3178
2018-05-02 18:19:13.268,3177
2018-05-02 18:29:13.458,3176
2018-05-02 18:39:14.291,3174
2018-05-02 18:49:14.034,3172
2018-05-02 18:59:13.564,3168
2018-05-02 19:09:13.894,3168
2018-05-02 19:19:13.239,3163
2018-05-02 19:29:13.962,3160
2018-05-02 19:39:13.178,3156
2018-05-02 19:49:13.393,3152
2018-05-02 19:59:13.176,3152
2018-05-02 20:09:12.962,3149
2018-05-02 20:19:13.177,3145
2018-05-02 20:29:12.853,3144
2018-05-02 20:39:13.140,3141
2018-05-02 20:49:13.487,3141
2018-05-02 20:59:13.159,3136
2018-05-02 21:09:14.134,3134
2018-05-02 21:19:16.690,3134
2018-05-02 21:29:13.180,3133
2018-05-02 21:39:13.188,3134
2018-05-02 21:49:13.622,3134
2018-05-02 21:59:13.076,3128
2018-05-02 22:09:12.948,3131
2018-05-02 22:19:12.512,3126
2018-05-02 22:29:12.881,3129
2018-05-02 22:39:12.561,3124
2018-05-03 01:14:57.672,3117
2018-05-03 01:25:22.721,3123
2018-05-03 01:35:23.418,3130
2018-05-03 01:45:21.808,3127
2018-05-03 01:55:22.145,3125
2018-05-03 02:05:20.821,3127
2018-05-03 02:15:22.117,3120
2018-05-03 02:25:22.492,3133
2018-05-03 02:35:22.147,3133
2018-05-03 02:45:21.009,3127
2018-05-03 02:55:22.473,3123
2018-05-03 03:05:23.114,3130
2018-05-03 03:15:22.238,3129
2018-05-03 03:25:23.095,3129
2018-05-03 03:35:22.093,3128
2018-05-03 03:45:22.221,3128
2018-05-03 03:55:22.086,3123
2018-05-03 04:05:21.818,3131
2018-05-03 04:15:22.045,3131
2018-05-03 04:25:21.711,3128
2018-05-03 04:35:22.015,3126
2018-05-03 04:45:22.201,3122
2018-05-03 04:55:21.488,3128
2018-05-03 05:05:21.901,3117
2018-05-03 05:15:20.835,3127
2018-05-03 05:25:21.314,3132
2018-05-03 05:35:21.776,3128
2018-05-03 05:45:21.189,3123
2018-05-03 05:55:21.029,3126
2018-05-03 06:05:21.169,3122
2018-05-03 06:15:22.529,3123
2018-05-03 06:25:21.964,3127
2018-05-03 06:35:20.241,3118
2018-05-03 06:45:20.459,3122
2018-05-03 06:55:21.029,3123
2018-05-03 07:05:21.191,3120
2018-05-03 07:15:21.529,3122
2018-05-03 07:25:19.545,3095
2018-05-03 07:35:20.870,3095
2018-05-03 07:45:21.885,3099
2018-05-03 07:55:20.856,3087
2018-05-03 08:05:21.837,3090
2018-05-03 08:15:20.868,3112
2018-05-03 08:25:21.143,3095
2018-05-03 08:35:20.798,3099
2018-05-03 08:45:21.178,3079
2018-05-03 08:55:19.684,3079
2018-05-03 09:05:19.484,3101
2018-05-03 09:15:22.804,3109
2018-05-03 09:25:22.982,3133
2018-05-03 09:45:23.130,3146
2018-05-03 09:55:21.237,3161
2018-05-03 10:05:22.314,3166
2018-05-03 10:15:20.871,3160
2018-05-03 10:25:19.243,3168
2018-05-03 10:35:20.179,3175
2018-05-03 10:45:20.479,3173
2018-05-03 10:55:20.191,3174
2018-05-03 11:05:21.141,3177
2018-05-03 11:15:20.800,3183
2018-05-03 11:25:21.918,3187
2018-05-03 11:35:21.305,3182
2018-05-03 11:45:20.460,3182
2018-05-03 11:55:19.556,3182
2018-05-03 12:05:20.882,3188
2018-05-03 12:15:18.938,3192
2018-05-03 12:35:18.946,3188
2018-05-03 12:45:20.164,3185
2018-05-03 12:55:22.400,3182
2018-05-03 13:05:20.366,3182
2018-05-03 13:15:20.168,3177
2018-05-03 13:25:18.700,3159
2018-05-03 13:35:20.897,3146
2018-05-03 13:45:21.049,3132
2018-05-03 13:55:20.246,3121
2018-05-03 14:05:19.589,3109
2018-05-03 14:15:20.190,3109
2018-05-03 14:25:20.475,3098
2018-05-03 14:35:19.598,3093
2018-05-03 14:45:21.347,3080
2018-05-03 14:55:19.690,3083
2018-05-03 15:05:19.173,3088
2018-05-03 15:15:20.221,3089
2018-05-03 15:25:20.510,3087
2018-05-03 15:35:20.625,3086
2018-05-03 15:45:19.821,3097
2018-05-03 15:55:18.917,3102
2018-05-03 16:05:18.761,3106
2018-05-03 16:15:20.455,3117
2018-05-03 16:25:19.463,3112
2018-05-03 16:35:20.579,3112
2018-05-03 16:45:18.497,3108
2018-05-03 16:55:19.592,3108
2018-05-03 17:05:20.935,3099
2018-05-03 17:15:18.021,3095
2018-05-03 17:25:18.472,3084
2018-05-03 17:35:18.817,3077
2018-05-03 17:45:19.237,3071
2018-05-03 17:55:19.702,3069
2018-05-03 18:05:19.235,3060
2018-05-03 18:15:19.797,3061
2018-05-03 18:25:19.164,3054
2018-05-03 18:35:17.894,3034
2018-05-03 18:45:17.904,3025
2018-05-03 18:55:18.886,3011
2018-05-03 19:05:21.963,3000
2018-05-03 19:15:19.433,2990
2018-05-03 19:35:19.959,2966
2018-05-03 19:45:19.723,2961
2018-05-03 19:55:19.958,2958
2018-05-03 20:05:18.977,2961
2018-05-03 20:35:20.593,2946
2018-05-03 20:45:19.538,2948
2018-05-03 20:55:18.988,2946
2018-05-03 21:05:19.504,2941
2018-05-03 21:15:17.623,2935
2018-05-03 21:25:20.391,2937
2018-05-03 21:35:20.333,2937
2018-05-03 21:45:18.629,2939
2018-05-03 21:55:18.886,2935
2018-05-03 22:05:21.731,2930
2018-05-03 22:15:20.200,2935
2018-05-03 22:25:18.714,2936
2018-05-03 22:35:17.786,2932
2018-05-03 22:45:17.072,2925
2018-05-03 22:55:18.813,2924
2018-05-03 23:05:19.860,2925
2018-05-03 23:15:19.242,2930
2018-08-28 12:17:38.149,1348
2018-08-28 12:21:45.539,1392
2018-08-28 12:25:41.095,1368
2018-08-28 12:36:06.756,1371
2018-08-28 12:46:04.085,1374
2018-08-28 12:56:04.800,1387
2018-08-28 13:06:06.994,1376
2018-08-28 13:16:04.226,1428
2018-08-28 13:26:04.171,1424
2018-08-28 13:36:05.126,1409
2018-08-28 13:46:06.051,1428
2018-08-30 19:14:17.672,1037
2018-09-05 11:25:20.600,1143
2018-09-14 09:59:56.688,932
2018-09-14 11:58:09.609,2377
2018-09-14 12:08:33.480,2425
2018-09-14 12:18:34.503,2483
2018-09-14 12:28:35.196,2438
2018-09-14 12:38:34.532,2487
2018-09-14 12:48:34.498,2488
2018-09-14 12:58:33.239,2442
2018-09-14 13:08:33.822,2436
2018-09-14 13:18:34.417,2428
2018-09-14 13:28:34.679,2464
2018-09-14 17:48:09.372,2108
2018-09-14 17:58:32.767,3022
2018-09-14 18:08:33.283,2898
2018-09-14 18:18:34.730,2989
2018-09-14 18:28:34.356,3006
2018-09-14 18:38:33.128,2872
2018-09-14 18:48:33.674,2992
2018-09-14 18:58:32.817,2619
2018-09-14 19:08:34.276,2836
2018-09-14 19:18:33.178,3004
2018-09-14 19:28:33.657,2742
2018-09-14 19:38:32.981,2751
2018-09-14 19:48:32.591,2986
2018-09-14 19:58:32.781,3009
2018-09-14 20:08:32.402,2004
2018-09-14 20:18:32.749,2977
2018-09-14 20:28:32.379,2846
2018-09-14 20:38:33.253,3084
2018-09-14 20:48:34.674,3065
2018-09-14 20:58:33.617,2966
2018-09-14 21:08:33.135,2841
2018-09-14 21:18:32.107,2879
2018-09-14 21:28:32.980,2994
2018-09-14 21:38:32.687,1423
2018-09-14 21:48:32.466,2309
2018-09-14 21:58:34.095,1430
2018-09-14 22:08:32.151,2847
2018-09-14 22:18:32.125,2321
2018-09-14 22:28:32.156,1393
2018-09-14 22:38:32.456,1379
2018-09-14 22:48:33.828,1987
2018-09-14 22:58:32.175,1404
2018-09-14 23:08:32.435,1430
2018-09-14 23:18:32.214,2328
2018-09-14 23:28:33.647,1695
2018-09-14 23:38:32.083,1391
2018-09-14 23:48:31.746,1910
2018-09-14 23:58:31.485,1521
2018-09-15 00:08:32.252,1429
2018-09-15 00:18:32.592,1955
2018-09-15 00:28:31.732,2818
2018-09-15 00:38:48.210,1648
2018-09-15 00:48:31.793,1719
2018-09-15 00:58:32.090,1550
2018-09-15 01:08:32.829,1662
2018-09-15 01:18:33.112,1663
2018-09-15 01:28:33.938,1715
2018-09-15 01:38:31.867,1679
2018-09-15 01:48:31.423,1655
2018-09-15 01:58:33.537,1608
2018-09-15 02:08:31.596,1640
2018-09-15 02:18:31.240,1748
2018-09-15 02:28:32.251,1860
2018-09-15 02:38:33.729,1883
2018-09-15 02:48:48.552,1896
2018-09-15 02:58:32.520,1861
2018-09-15 03:08:33.487,1839
2018-09-15 03:18:30.576,1859
2018-09-15 03:28:48.853,1611
2018-09-15 03:38:30.654,1835
2018-09-15 03:48:32.837,1583
2018-09-15 03:58:31.885,1571
2018-09-15 04:08:31.254,1516
2018-09-15 04:18:32.267,1796
2018-09-15 04:28:32.833,1562
2018-09-15 04:38:47.897,1601
2018-09-15 04:48:31.634,1607
2018-09-15 04:58:32.309,1593
2018-09-15 05:08:31.347,1600
2018-09-15 05:18:32.524,1573
2018-09-15 05:28:32.840,2233
2018-09-15 05:38:32.497,2203
2018-09-15 05:48:32.829,1527
2018-09-15 05:58:32.854,1416
2018-09-15 06:08:30.293,1839
2018-09-15 06:18:32.524,1834
2018-09-15 06:28:31.614,2534
2018-09-15 06:38:31.863,2964
2018-09-15 06:48:48.364,2590
2018-09-15 06:58:32.522,1990
2018-09-15 07:08:32.326,3019
2018-09-15 07:18:32.363,2644
2018-09-15 07:28:32.301,1997
2018-09-15 07:38:30.749,1993
2018-09-15 07:48:30.474,1941
2018-09-15 07:58:30.220,2577
2018-09-15 08:08:32.402,1995
2018-09-15 08:18:32.425,1992
2018-09-15 08:28:30.840,2541
2018-09-15 08:38:32.532,1964
2018-09-15 08:48:30.394,1818
2018-09-15 08:58:32.103,2062
2018-09-15 09:08:30.480,1882
2018-09-15 09:18:32.262,2052
2018-09-15 09:28:32.337,1834
2018-09-15 09:38:30.424,1884
2018-09-15 09:48:31.773,2238
2018-09-15 09:58:30.671,2190
2018-09-15 10:08:31.911,1781
2018-09-15 10:18:30.542,1918
2018-09-15 10:28:30.984,2426
2018-09-15 10:38:30.617,2381
2018-09-15 10:48:30.657,2338
2018-09-15 10:58:32.048,2020
2018-09-15 11:08:32.887,1730
2018-09-15 11:18:30.167,1889
2018-09-15 11:28:31.852,2141
2018-09-15 11:38:31.496,2539
2018-09-15 11:48:34.113,2612
2018-09-15 11:58:31.413,3014
2018-09-15 12:08:32.958,2750
2018-09-15 12:18:30.263,2730
2018-09-15 12:28:30.291,2327
2018-09-15 12:38:29.787,2884
2018-09-15 12:48:29.800,3090
2018-09-15 12:58:31.789,3555
2018-09-15 13:08:31.854,3486
2018-09-15 13:18:32.548,3367
2018-09-15 13:28:29.800,3298
2018-09-15 13:38:31.991,3265
2018-09-15 13:48:29.775,2992
2018-09-15 13:58:30.961,2939
2018-09-15 14:08:31.028,3071
2018-09-15 14:18:30.554,3358
2018-09-15 14:28:31.066,3351
2018-09-15 14:38:31.194,3450
2018-09-15 14:48:30.216,3370
2018-09-15 14:58:30.645,3318
2018-09-15 15:08:32.885,3243
2018-09-15 15:18:31.429,3296
2018-09-15 15:28:30.016,3273
2018-09-15 15:38:33.126,3261
2018-09-15 15:48:30.819,3252
2018-09-15 15:58:29.204,3311
2018-09-15 16:08:30.198,3249
2018-09-15 16:18:30.333,3269
2018-09-15 16:28:30.944,3233
2018-09-15 16:38:31.605,3144
2018-09-15 16:48:29.608,2958
2018-09-15 16:58:29.435,2899
2018-09-15 17:08:30.452,2812
2018-09-15 17:18:30.089,2601
2018-09-15 17:28:29.472,2521
2018-09-15 17:38:30.223,2509
2018-09-15 17:48:31.504,2476
2018-09-15 17:58:30.595,2474
2018-09-15 18:08:29.243,2460
2018-09-15 18:18:32.959,2477
2018-09-15 18:28:32.608,2424
2018-09-15 18:38:32.457,2416
2018-09-15 18:48:32.262,2377
2018-09-15 18:58:32.283,2375
2018-09-15 19:08:34.974,2398
2018-09-15 19:18:32.175,2371
2018-09-15 19:28:31.839,2367
2018-09-15 19:38:35.951,2400
2018-09-15 19:48:31.853,2398
2018-09-15 19:58:31.878,2399
2018-09-15 20:08:32.173,2397
2018-09-15 20:28:32.593,2368
2018-09-15 20:38:32.405,2346
2018-09-15 20:48:32.321,2409
2018-09-15 20:58:49.540,2367
2018-09-15 21:08:32.413,2329
2018-09-15 21:18:48.557,2286
2018-09-15 21:28:32.012,2272
2018-09-15 21:38:49.181,2264
2018-09-15 21:48:31.237,2216
2018-09-15 21:58:31.811,2212
2018-09-15 22:08:32.760,2208
2018-09-15 22:18:31.474,2245
2018-09-15 22:28:48.224,2083
2018-09-15 22:38:31.437,2186
2018-09-15 22:48:31.748,2206
2018-09-15 23:08:34.520,2304
2018-09-15 23:18:31.962,2340
2018-09-15 23:28:30.972,2435
2018-09-15 23:38:32.734,2252
2018-09-15 23:48:32.281,2308
2018-09-15 23:58:30.940,2268
2018-09-16 00:08:31.890,2253
2018-09-16 00:28:31.904,2221
2018-09-16 00:38:30.731,2261
2018-09-16 00:48:32.426,2205
2018-09-16 01:18:30.263,2183
2018-09-16 01:28:30.390,2091
2018-09-16 01:38:31.049,2087
2018-09-16 01:48:29.846,2165
2018-09-16 01:58:30.481,2131
2018-09-16 02:08:29.621,2080
2018-09-16 02:18:30.918,1999
2018-09-16 02:28:28.760,2083
2018-09-16 02:38:29.852,2011
2018-09-16 02:48:29.683,2013
2018-09-16 02:58:30.791,1989
2018-09-16 03:18:31.136,2046
2018-09-16 03:28:57.512,2075
2018-09-16 03:38:30.711,2014
2018-09-16 03:58:29.564,1960
2018-09-16 04:18:40.125,1956
2018-09-16 04:28:29.483,1902
2018-09-16 04:38:26.810,1999
2018-09-16 04:48:46.308,2012
2018-09-16 04:58:45.274,1991
2018-09-16 05:08:28.353,2094
2018-09-16 05:18:28.405,2100
2018-09-16 05:28:46.226,1998
2018-09-16 05:38:29.323,1891
2018-09-16 06:08:27.739,2112
2018-09-16 06:18:43.870,2057
2018-09-16 06:28:29.510,1989
2018-09-16 06:38:28.532,2241
2018-09-16 06:48:45.448,2218
2018-09-16 07:08:43.739,2297
2018-09-16 07:18:29.965,2111
2018-09-16 07:28:30.178,2074
2018-09-16 07:38:33.125,2060
2018-09-16 07:48:44.389,2032
2018-09-16 07:58:29.901,2135
2018-09-16 08:08:31.741,2075
2018-09-16 08:18:30.426,2212
2018-09-16 08:38:28.610,2075
2018-09-16 08:48:30.609,2094
2018-09-16 08:58:30.285,2106
2018-09-16 09:08:25.895,2279
2018-09-16 09:18:28.370,2315
2018-09-16 09:28:26.813,2044
2018-09-16 09:38:26.476,1674
2018-09-16 09:48:26.720,1647
2018-09-16 09:58:28.405,1429
2018-09-16 10:08:26.404,1651
2018-09-16 10:18:29.472,1647
2018-09-16 10:48:31.078,1634
2018-09-16 10:58:29.767,1711
2018-09-16 11:08:29.157,1847
2018-09-16 11:18:29.411,1766
2018-09-16 11:28:34.825,1703
2018-09-16 11:48:28.714,1752
2018-09-16 12:08:29.242,1902
2018-09-16 12:18:29.773,2178
2018-09-16 12:28:28.747,2168
2018-09-16 12:38:29.368,2115
2018-09-16 12:48:29.631,2244
2018-09-16 12:58:46.565,2247
2018-09-16 13:08:27.856,2313
2018-09-16 13:18:27.163,2441
2018-09-16 13:28:30.838,2563
2018-09-16 13:38:30.006,2627
2018-09-16 13:48:29.735,2708
2018-09-16 13:58:29.310,2879
2018-09-16 14:08:29.057,2910
2018-09-16 14:18:27.294,2844
2018-09-16 14:28:26.473,2878
2018-09-16 14:38:29.330,2982
2018-09-16 14:48:28.631,3067
2018-09-16 14:58:24.925,2964
2018-09-16 15:08:29.346,2863
2018-09-16 15:18:29.417,3080
2018-09-16 15:28:58.250,2866
2018-09-16 15:38:29.405,3089
2018-09-16 15:48:25.761,3082
2018-09-16 15:58:26.922,3083
2018-09-16 16:08:26.026,2960
2018-09-16 16:18:27.930,3089
2018-09-16 16:28:26.791,3117
2018-09-16 16:38:25.898,2911
2018-09-16 16:48:26.107,3022
2018-09-16 16:58:27.103,2620
2018-09-16 17:08:25.511,3164
2018-09-16 17:18:26.726,3124
2018-09-16 17:28:25.099,2694
2018-09-16 17:38:25.499,3113
2018-09-16 17:48:25.192,3101
2018-09-16 17:58:25.566,3073
2018-09-16 18:08:28.062,3139
2018-09-16 18:18:26.882,3122
2018-09-16 18:28:25.288,2918
2018-09-16 18:38:25.401,2856
2018-09-16 18:48:25.567,3123
2018-09-16 18:58:25.543,3113
2018-09-16 19:08:26.932,3115
2018-09-16 19:18:27.025,3141
2018-09-16 19:28:25.403,3085
2018-09-16 19:38:25.183,3076
2018-09-16 19:48:25.473,2969
2018-09-16 19:58:24.845,2948
2018-09-16 20:08:27.009,2784
2018-09-16 20:18:25.273,2898
2018-09-16 20:28:40.122,2842
2018-09-16 20:38:26.499,2984
2018-09-16 20:48:25.556,2855
2018-09-16 20:58:26.596,1629
2018-09-16 21:08:24.624,2431
2018-09-16 21:18:27.205,2045
2018-09-16 21:28:26.851,2014
2018-09-16 21:38:24.848,1943
2018-09-16 21:48:27.492,1536
2018-09-16 21:58:25.112,2122
2018-09-16 22:08:26.891,2153
2018-09-16 22:18:26.790,2157
2018-09-16 22:28:59.291,2582
2018-09-16 22:38:24.294,2610
2018-09-16 22:48:24.444,2525
2018-09-16 22:58:24.668,1834
2018-09-16 23:08:26.070,2885
2018-09-16 23:18:24.643,1771
2018-09-16 23:28:25.732,2477
2018-09-16 23:38:24.582,1787
2018-09-16 23:48:24.019,2508
2018-09-16 23:58:24.084,2494
2018-09-17 00:08:25.852,2492
2018-09-17 00:18:24.252,2507
2018-09-17 00:28:23.768,2499
2018-09-17 00:38:27.212,2492
2018-09-17 00:48:26.348,1664
2018-09-17 00:58:43.214,2892
2018-09-17 01:08:24.401,1784
2018-09-17 01:18:25.208,1305
2018-09-17 01:28:25.203,2512
2018-09-17 01:38:24.549,1497
2018-09-17 01:48:24.907,1290
2018-09-17 01:58:24.571,2956
2018-09-17 02:08:25.090,1927
2018-09-17 02:18:26.196,1519
2018-09-17 02:28:24.068,1760
2018-09-17 02:38:24.711,1784
2018-09-17 02:48:24.314,1542
2018-09-17 02:58:25.417,1271
2018-09-17 03:08:23.930,1477
2018-09-17 03:18:25.283,1266
2018-09-17 03:28:24.265,1261
2018-09-17 03:38:25.188,1252
2018-09-17 03:48:24.481,1517
2018-09-17 03:58:23.592,1786
2018-09-17 04:08:41.347,1537
2018-09-17 04:18:24.859,2204
2018-09-17 04:28:23.249,1285
2018-09-17 04:38:23.541,1541
2018-09-17 04:48:24.537,1775
2018-09-17 04:58:23.886,1783
2018-09-17 05:08:24.887,1803
2018-09-17 05:18:22.941,1296
2018-09-17 05:28:23.888,2500
2018-09-17 05:38:24.221,1834
2018-09-17 05:48:23.907,1844
2018-09-17 05:58:40.902,1330
2018-09-17 06:08:24.538,1304
2018-09-17 06:18:22.451,1309
2018-09-17 06:28:24.477,1269
2018-09-17 06:38:24.562,1774
2018-09-17 06:48:24.060,1537
2018-09-17 06:58:23.518,2750
2018-09-17 07:08:24.974,2188
2018-09-17 07:18:23.211,1509
2018-09-17 07:28:23.883,1193
2018-09-17 07:38:25.410,1271
2018-09-17 07:48:23.592,2503
2018-09-17 07:58:23.089,1784
2018-09-17 08:08:24.709,1274
2018-09-17 08:18:22.808,1516
2018-09-17 08:28:24.958,1274
2018-09-17 08:38:24.677,1407
2018-09-17 08:48:24.199,1721
2018-09-17 08:58:24.922,1790
2018-09-17 09:08:22.589,1936
2018-09-17 09:18:23.385,2544
2018-09-17 09:28:22.940,2063
2018-09-17 09:38:23.088,2311
2018-09-17 09:48:22.920,2203
2018-09-17 09:58:22.914,2226
2018-09-17 10:08:24.492,2186
2018-09-17 10:18:22.802,2177
2018-09-17 10:28:22.906,2322
2018-09-17 10:38:22.962,2330
2018-09-17 10:48:23.059,2625
2018-09-17 10:58:28.094,2530
2018-09-17 11:08:25.732,2371
2018-09-17 11:18:22.379,2538
2018-09-17 11:28:27.520,2405
2018-09-17 11:38:25.160,2226
2018-09-17 11:48:25.683,2361
2018-09-17 11:58:23.572,2312
2018-09-17 12:08:25.136,2332
2018-09-17 12:18:23.610,2317
2018-09-17 12:28:23.761,2490
2018-09-17 12:38:23.727,2473
2018-09-17 12:48:23.859,2479
2018-09-17 12:58:23.695,2356
2018-09-17 13:08:27.849,2319
2018-09-17 13:18:25.307,2377
2018-09-17 13:28:25.725,2721
2018-09-17 13:38:25.456,2441
2018-09-17 13:48:24.406,2508
2018-09-17 13:58:22.207,2501
2018-09-17 14:08:23.581,2722
2018-09-17 14:18:23.161,2431
2018-09-17 14:28:23.333,2468
2018-09-17 14:38:24.060,2714
2018-09-17 14:48:24.020,2421
2018-09-17 14:58:23.561,2461
2018-09-17 15:08:21.964,2425
2018-09-17 15:18:23.343,2428
2018-09-17 15:28:22.311,2650
2018-09-17 15:38:22.912,2650
2018-09-17 15:48:23.176,2428
2018-09-17 15:58:23.005,2502
2018-09-17 16:08:21.443,2525
2018-09-17 16:18:23.009,2631
2018-09-17 16:28:23.397,2507
2018-09-17 16:38:22.007,2650
2018-09-17 16:48:22.380,2433
2018-09-17 16:58:22.579,2368
2018-09-17 17:08:24.482,2616
2018-09-17 17:18:22.079,2657
2018-09-17 17:28:23.746,2816
2018-09-17 17:38:22.526,2874
2018-09-17 17:48:23.451,2602
2018-09-17 17:58:23.417,2388
2018-09-17 18:08:22.486,2761
2018-09-17 18:18:22.057,2835
2018-09-17 18:28:21.696,2931
2018-09-17 18:38:21.272,2672
2018-09-17 18:48:21.669,2604
2018-09-17 18:58:22.051,2570
2018-09-17 19:08:22.509,2534
2018-09-17 19:18:23.021,2610
2018-09-17 19:28:21.661,2595
2018-09-17 19:38:21.211,2528
2018-09-17 19:48:21.668,2491
2018-09-17 19:58:24.015,2528
2018-09-17 20:08:24.879,2486
2018-09-17 20:18:21.327,2503
2018-09-17 20:28:21.075,2491
2018-09-17 20:38:20.991,2499
2018-09-17 20:48:21.199,2503
2018-09-17 20:58:21.338,2463
2018-09-17 21:08:23.320,2489
2018-09-17 21:18:20.890,2505
2018-09-17 21:28:22.171,2493
2018-09-17 21:38:23.372,2499
2018-09-17 21:48:22.983,2509
2018-09-17 21:58:21.260,2492
2018-09-17 22:08:21.009,1794
2018-09-17 22:18:21.416,1775
2018-09-17 22:28:21.157,1514
2018-09-17 22:38:21.473,2757
2018-09-17 22:48:21.950,1766
2018-09-17 22:58:20.215,1360
2018-09-17 23:08:21.816,1485
2018-09-17 23:18:24.482,2869
2018-09-17 23:28:20.681,2090
2018-09-17 23:38:20.833,1262
2018-09-17 23:48:21.263,1738
2018-09-17 23:58:20.762,1896
2018-09-18 00:08:22.361,1648
2018-09-18 00:18:20.797,2362
2018-09-18 00:28:20.084,2005
2018-09-18 00:38:20.034,1890
2018-09-18 00:48:22.198,1757
2018-09-18 00:58:20.421,1805
2018-09-18 01:08:19.424,1584
2018-09-18 01:18:21.083,1506
2018-09-18 01:38:22.507,2196
2018-09-18 01:48:39.187,2584
2018-09-18 01:58:21.347,2713
2018-09-18 02:08:20.039,2598
2018-09-18 02:18:20.583,2258
2018-09-18 02:28:35.437,2643
2018-09-18 02:38:20.060,2610
2018-09-18 02:48:20.044,2481
2018-09-18 02:58:19.843,2550
2018-09-18 03:08:49.717,2505
2018-09-18 03:18:21.009,2240
2018-09-18 03:28:36.831,2191
2018-09-18 03:38:22.003,3474
2018-09-18 03:48:19.310,3501
2018-09-18 03:58:21.294,3554
2018-09-18 04:08:22.029,3487
2018-09-18 04:19:01.290,3585
2018-09-18 04:28:20.026,3746
2018-09-18 04:38:20.762,3870
2018-09-18 04:48:20.397,3872
2018-09-18 04:58:19.725,3901
2018-09-18 05:08:21.807,3910
2018-09-18 05:18:22.019,3889
2018-09-18 05:38:20.249,3678
2018-09-18 05:48:18.962,3843
2018-09-18 05:58:20.054,3773
2018-09-18 06:08:19.977,3590
2018-09-18 06:18:20.711,3568
2018-09-18 06:28:19.099,3579
2018-09-18 06:38:21.715,3457
2018-09-18 06:48:19.848,3568
2018-09-18 06:58:20.391,3534
2018-09-18 07:08:19.349,3516
2018-09-18 07:18:19.193,3690
2018-09-18 07:28:19.464,3429
2018-09-18 07:38:18.876,3538
2018-09-18 07:48:18.804,3592
2018-09-18 07:58:19.152,3502
2018-09-18 08:08:18.475,3392
2018-09-18 08:18:18.819,3485
2018-09-18 08:28:18.817,3375
2018-09-18 08:38:19.500,2433
2018-09-18 08:48:18.532,2456
2018-09-18 08:58:20.547,2288
2018-09-18 09:08:19.834,1887
2018-09-18 09:18:21.427,2160
2018-09-18 09:28:20.657,2125
2018-09-18 09:38:20.624,2165
2018-09-18 09:58:20.559,2349
2018-09-18 10:08:18.723,1994
2018-09-18 10:18:18.713,2003
2018-09-18 10:28:20.468,1995
2018-09-18 10:38:21.505,1265
2018-09-18 10:48:21.002,1314
2018-09-18 10:58:22.112,1285
2018-09-18 11:08:19.670,1509
2018-09-18 11:18:20.223,885
2018-09-18 11:28:21.036,793
2018-09-18 11:38:20.234,925
2018-09-18 11:48:20.348,951
2018-09-18 11:58:18.942,990
2018-09-18 12:08:18.652,1020
2018-09-18 12:18:19.808,894
2018-09-18 12:28:18.884,907
2018-09-18 12:38:20.980,906
2018-09-18 12:48:18.716,896
2018-09-18 12:58:18.265,887
2018-09-18 13:08:18.848,883
2018-09-18 13:18:19.003,868
2018-09-18 13:28:19.605,841
2018-09-18 13:38:18.361,820
2018-09-18 13:58:19.281,802
2018-09-18 14:08:21.192,770
2018-09-18 14:18:17.804,773
2018-09-18 14:28:19.814,784
2018-09-18 14:38:18.679,773
2018-09-18 14:48:19.874,741
2018-09-18 14:58:18.084,793
2018-09-18 15:08:17.643,772
2018-09-18 15:18:18.833,863
2018-09-18 15:28:17.899,689
2018-09-18 15:38:18.383,643
2018-09-18 15:48:26.709,602
2018-09-18 15:58:18.146,596
2018-09-18 16:08:20.174,631
2018-09-18 16:18:18.186,623
2018-09-18 16:28:18.896,648
2018-09-18 16:38:19.389,658
2018-09-18 16:48:17.978,656
2018-09-18 16:58:19.524,673
2018-09-18 17:08:19.183,652
2018-09-18 17:28:17.958,667
2018-09-18 17:38:17.783,632
2018-09-18 17:48:18.012,644
2018-09-18 17:58:19.576,663
2018-09-18 18:08:17.335,684
2018-09-18 18:18:20.177,716
2018-09-18 18:28:18.295,672
2018-09-18 18:38:17.729,656
2018-09-18 18:48:19.176,680
2018-09-18 18:58:17.508,612
2018-09-18 19:08:17.982,683
2018-09-18 19:18:17.683,620
2018-09-18 19:28:19.570,614
2018-09-18 19:38:17.763,593
2018-09-18 19:48:20.104,577
2018-09-18 19:58:18.498,600
2018-09-18 20:08:19.278,583
2018-09-18 20:18:17.382,600
2018-09-18 20:28:17.027,613
2018-09-18 20:38:17.308,622
2018-09-18 20:48:17.384,695
2018-09-18 20:58:16.908,656
2018-09-18 21:08:17.035,629
2018-09-18 21:18:19.647,625
2018-09-18 21:28:17.992,620
2018-09-18 21:38:19.258,651
2018-09-18 21:48:17.185,650
2018-09-18 21:58:17.231,634
2018-09-18 22:08:17.379,627
2018-09-18 22:18:17.426,755
2018-09-18 22:28:17.431,655
2018-09-18 22:38:16.922,621
2018-09-18 22:48:18.285,697
2018-09-18 22:58:18.306,772
2018-09-18 23:08:17.004,631
2018-09-18 23:18:16.870,598
2018-09-18 23:28:16.395,646
2018-09-18 23:38:17.556,638
2018-09-18 23:48:16.360,637
2018-09-18 23:58:17.083,679
2018-09-19 00:08:16.970,660
2018-09-19 00:18:17.077,641
2018-09-19 00:28:17.587,632
2018-09-19 00:38:15.900,572
2018-09-19 00:48:16.323,582
2018-09-19 00:58:16.489,590
2018-09-19 01:08:16.364,628
2018-09-19 01:18:18.462,558
2018-09-19 01:28:17.149,530
2018-09-19 01:38:18.384,532
2018-09-19 01:48:18.449,582
2018-09-19 01:58:18.270,542
2018-09-19 02:08:16.909,541
2018-09-19 02:18:17.724,599
2018-09-19 02:28:18.126,583
2018-09-19 02:38:16.970,661
2018-09-19 02:48:15.251,563
2018-09-19 02:58:15.887,579
2018-09-19 03:08:17.530,687
2018-09-19 03:18:16.837,537
2018-09-19 03:28:16.990,697
2018-09-19 03:38:16.258,578
2018-09-19 03:48:17.636,627
2018-09-19 03:58:17.384,621
2018-09-19 04:08:17.577,543
2018-09-19 04:18:17.366,575
2018-09-19 04:28:19.462,557
2018-09-19 04:38:16.221,523
2018-09-19 04:48:16.662,516
2018-09-19 04:58:16.117,611
2018-09-19 05:08:17.224,572
2018-09-19 05:18:15.736,518
2018-09-19 05:28:33.324,735
2018-09-19 05:38:17.814,542
2018-09-19 05:48:17.214,621
2018-09-19 05:58:16.327,617
2018-09-19 06:08:16.220,709
2018-09-19 06:18:14.965,574
2018-09-19 06:28:16.805,569
2018-09-19 06:38:16.878,539
2018-09-19 06:48:15.461,550
2018-09-19 06:58:17.075,577
2018-09-19 07:08:15.075,653
2018-09-19 07:18:15.801,583
2018-09-19 07:28:17.425,752
2018-09-19 07:38:15.755,623
2018-09-19 07:48:17.708,575
2018-09-19 07:58:15.136,663
2018-09-19 08:08:16.870,519
2018-09-19 08:18:15.526,571
2018-09-19 08:28:16.795,468
2018-09-19 08:38:15.128,435
2018-09-19 08:48:15.713,421
2018-09-19 08:58:17.017,409
2018-09-19 09:08:15.417,408
2018-09-19 09:18:17.205,389
2018-09-19 09:28:15.295,419
2018-09-19 09:38:15.113,433
2018-09-19 09:48:15.031,453
2018-09-19 09:58:15.235,453
2018-09-19 10:08:16.401,441
2018-09-19 10:18:14.864,425
2018-09-19 10:28:15.559,457
2018-09-19 10:38:14.974,444
2018-09-19 10:48:14.621,473
2018-09-19 10:58:15.112,505
2018-09-19 11:08:14.631,590
2018-09-19 11:18:17.609,629
2018-09-19 11:28:16.453,795
2018-09-19 11:38:15.323,950
2018-09-19 11:48:15.683,1020
2018-09-19 11:58:16.774,1081
2018-09-19 12:08:15.115,1056
2018-09-19 12:18:15.241,1350
2018-09-19 12:28:15.137,1364
2018-09-19 12:48:15.667,1529
2018-09-19 12:58:14.677,1823
2018-09-19 13:08:14.959,1715
2018-09-19 13:18:15.995,1798
2018-09-19 13:28:14.680,1862
2018-09-19 13:38:14.436,1956
2018-09-19 13:48:14.971,2026
2018-09-19 13:58:14.535,1931
2018-09-19 14:08:15.433,2047
2018-09-19 14:18:13.919,2184
2018-09-19 14:28:15.163,2186
2018-09-19 14:38:14.897,2300
2018-09-19 14:48:15.914,2346
2018-09-19 14:58:13.995,2724
2018-09-19 15:08:14.321,2721
2018-09-19 15:18:14.613,2646
2018-09-19 15:28:16.235,2548
2018-09-19 15:38:14.993,2505
2018-09-19 15:48:14.265,2818
2018-09-19 15:58:14.748,2784
2018-09-19 16:08:13.387,2853
2018-09-19 16:18:14.355,2709
2018-09-19 16:28:15.477,2632
2018-09-19 16:38:14.021,2593
2018-09-19 16:48:14.326,2930
2018-09-19 16:58:14.533,2973
2018-09-19 17:18:15.618,2986
2018-09-19 17:38:13.528,2979
2018-09-19 17:48:15.045,2579
2018-09-19 17:58:13.493,3018
2018-09-19 18:08:13.602,2946
2018-09-19 18:18:13.418,2861
2018-09-19 18:28:14.102,2867
2018-09-19 18:38:14.101,2299
2018-09-19 18:48:13.317,2657
2018-09-19 18:58:14.879,2860
2018-09-19 19:08:15.468,2974
2018-09-19 19:18:13.802,2953
2018-09-19 19:28:13.241,2614
2018-09-19 19:38:13.512,2954
2018-09-19 19:48:15.609,2963
2018-09-19 19:58:15.464,2509
2018-09-19 20:08:14.443,2360
2018-09-19 20:18:15.180,2805
2018-09-19 20:28:14.952,2794
2018-09-19 20:38:15.224,2794
2018-09-19 20:48:14.545,2768
2018-09-19 20:58:13.314,2754
2018-09-19 21:08:13.230,2652
2018-09-19 21:18:13.040,1994
2018-09-19 21:28:13.552,1987
2018-09-19 21:38:14.319,1945
2018-09-19 21:48:15.432,1696
2018-09-19 21:58:13.033,1682
2018-09-19 22:08:13.652,1751
2018-09-19 22:18:14.251,1601
2018-09-19 22:28:15.297,1795
2018-09-19 22:38:12.851,1583
2018-09-19 22:48:14.562,1479
2018-09-19 22:58:14.323,2780
2018-09-19 23:08:12.726,1692
2018-09-19 23:18:13.322,1747
2018-09-19 23:28:12.844,1695
2018-09-19 23:38:12.921,1840
2018-09-19 23:48:13.111,1786
2018-09-19 23:58:12.788,1774
2018-09-20 00:08:14.171,1727
2018-09-20 00:18:14.157,1678
2018-09-20 00:28:12.458,1714
2018-09-20 00:38:14.418,1702
2018-09-20 00:48:31.104,1679
2018-09-20 00:58:14.024,2392
2018-09-20 01:08:13.681,1466
2018-09-20 01:18:14.713,1671
2018-09-20 01:28:31.136,1667
2018-09-20 01:38:14.430,1703
2018-09-20 01:48:15.888,1676
2018-09-20 01:58:13.542,1660
2018-09-20 02:08:14.173,2652
2018-09-20 02:18:11.606,2571
2018-09-20 02:28:13.778,1134
2018-09-20 02:38:11.607,1394
2018-09-20 02:48:13.389,1739
2018-09-20 02:58:28.840,2779
2018-09-20 03:08:13.139,1412
2018-09-20 03:18:13.356,1207
2018-09-20 03:28:13.365,2754
2018-09-20 03:38:41.717,1246
2018-09-20 03:48:13.061,1100
2018-09-20 03:58:11.047,1401
2018-09-20 04:08:11.931,1989
2018-09-20 04:18:12.207,1158
2018-09-20 04:28:28.682,1167
2018-09-20 04:38:12.728,2777
2018-09-20 04:48:11.587,2815
2018-09-20 04:58:12.922,1608
2018-09-20 05:08:29.182,1320
2018-09-20 05:18:12.409,1973
2018-09-20 05:28:29.014,2312
2018-09-20 05:38:12.465,1375
2018-09-20 05:48:11.787,1411
2018-09-20 05:58:12.223,2688
2018-09-20 06:08:12.361,1955
2018-09-20 06:18:11.401,1965
2018-09-20 06:28:12.993,1173
2018-09-20 06:38:29.051,1156
2018-09-20 06:48:12.813,1383
2018-09-20 06:58:11.925,1968
2018-09-20 07:08:11.229,1966
2018-09-20 07:18:11.888,1180
2018-09-20 07:28:11.670,1388
2018-09-20 07:38:11.093,2646
2018-09-20 07:48:11.671,1978
2018-09-20 07:58:11.108,1906
2018-09-20 08:08:11.734,1175
2018-09-20 08:18:11.027,1119
2018-09-20 08:28:12.965,1140
2018-09-20 08:38:13.342,1754
2018-09-20 08:48:11.262,1209
2018-09-20 09:08:11.688,1007
2018-09-20 09:18:13.154,1144
2018-09-20 09:28:10.792,1296
2018-09-20 09:38:11.633,1731
2018-09-20 09:48:11.540,2036
2018-09-20 10:08:10.644,1409
2018-09-20 10:18:11.580,1788
2018-09-20 10:28:14.238,1867
2018-09-20 10:38:11.120,1563
2018-09-20 10:58:11.415,1658
2018-09-20 11:08:13.101,1751
2018-09-20 11:38:10.411,2345
2018-09-20 11:48:11.379,2355
2018-09-20 11:58:11.146,2301
2018-09-20 12:08:11.975,2357
2018-09-20 12:18:10.896,2425
2018-09-20 12:28:11.919,2491
2018-09-20 12:38:10.640,2589
2018-09-20 12:48:11.800,2631
2018-09-20 12:58:10.753,2748
2018-09-20 13:08:12.519,2682
2018-09-20 13:18:10.814,2873
2018-09-20 13:28:10.855,3043
2018-09-20 13:38:11.016,3044
2018-09-20 13:48:12.867,2965
2018-09-20 13:58:10.295,2974
2018-09-20 14:08:12.331,3031
2018-09-20 14:18:10.357,2723
2018-09-20 14:28:12.449,2969
2018-09-20 14:38:12.205,2955
2018-09-20 14:48:12.096,3070
2018-09-20 14:58:10.344,3025
2018-09-20 15:08:10.187,3055
2018-09-20 15:18:13.106,3079
2018-09-20 15:28:13.052,3056
2018-09-20 15:38:12.049,3092
2018-09-20 15:48:10.373,3068
2018-09-20 15:58:10.131,2940
2018-09-20 16:08:10.490,3030
2018-09-20 16:18:11.726,2859
2018-09-20 16:28:11.869,3008
2018-09-20 16:38:09.639,3037
2018-09-20 16:48:11.954,3047
2018-09-20 16:58:12.356,3045
2018-09-20 17:08:11.959,3072
2018-09-20 17:18:11.757,3064
2018-09-20 17:28:09.802,3081
2018-09-20 17:38:09.635,3064
2018-09-20 17:48:11.920,3056
2018-09-20 17:58:10.064,2913
2018-09-20 18:08:09.571,3037
2018-09-20 18:18:10.593,3060
2018-09-20 18:28:11.215,3025
2018-09-20 18:38:10.655,3007
2018-09-20 18:48:09.413,3005
2018-09-20 18:58:09.411,2988
2018-09-20 19:08:10.396,3005
2018-09-20 19:18:09.801,3044
2018-09-20 19:28:10.658,2991
2018-09-20 19:38:10.151,2809
2018-09-20 19:48:11.305,2948
2018-09-20 19:58:11.390,2778
2018-09-20 20:08:09.721,2933
2018-09-20 20:18:10.188,2892
2018-09-20 20:28:12.228,2963
2018-09-20 20:38:09.691,2315
2018-09-20 20:48:09.865,1272
2018-09-20 20:58:08.984,2226
2018-09-20 21:08:09.698,1228
2018-09-20 21:18:09.414,2064
2018-09-20 21:28:09.322,1351
2018-09-20 21:38:09.123,1635
2018-09-20 21:48:09.892,1608
2018-09-20 21:58:09.186,1559
2018-09-20 22:08:09.730,1656
2018-09-20 22:18:09.394,1366
2018-09-20 22:28:09.053,1784
2018-09-20 22:38:09.200,1779
2018-09-20 22:48:08.696,1309
2018-09-20 22:58:08.705,1548
2018-09-20 23:08:09.214,1602
2018-09-20 23:18:09.024,1670
2018-09-20 23:28:08.693,1412
2018-09-20 23:38:08.363,2754
2018-09-20 23:48:09.140,1669
2018-09-20 23:58:08.473,1376
2018-09-21 00:08:10.592,1835
2018-09-21 00:18:10.233,1596
2018-09-21 00:28:10.377,1548
2018-09-21 00:38:08.309,2745
2018-09-21 00:48:08.632,2112
2018-09-21 00:58:08.462,2104
2018-09-21 01:08:09.876,2678
2018-09-21 01:18:08.671,1195
2018-09-21 01:28:25.747,1258
2018-09-21 01:38:08.556,1490
2018-09-21 01:48:10.019,1501
2018-09-21 01:58:10.005,1449
2018-09-21 02:08:09.427,2236
2018-09-21 02:18:08.260,1513
2018-09-21 02:28:10.162,1527
2018-09-21 02:38:08.923,1658
2018-09-21 02:48:08.006,1846
2018-09-21 02:58:08.830,1899
2018-09-21 03:08:07.381,1897
2018-09-21 03:18:08.185,2686
2018-09-21 03:28:09.161,1315
2018-09-21 03:38:09.627,1274
2018-09-21 03:48:07.877,2434
2018-09-21 03:58:11.118,1401
2018-09-21 04:08:09.138,1403
2018-09-21 04:18:07.763,1616
2018-09-21 04:28:09.177,1914
2018-09-21 04:38:08.586,1377
2018-09-21 04:48:25.027,1573
2018-09-21 04:58:10.251,1543
2018-09-21 05:08:09.052,1534
2018-09-21 05:18:08.185,1271
2018-09-21 05:28:09.182,1533
2018-09-21 05:38:08.876,2841
2018-09-21 05:48:12.202,2141
2018-09-21 05:58:08.881,1269
2018-09-21 06:08:08.549,1222
2018-09-21 06:18:08.374,2910
2018-09-21 06:28:07.915,2659
2018-09-21 06:38:08.032,1250
2018-09-21 06:48:08.470,1488
2018-09-21 06:58:25.234,1757
2018-09-21 07:08:07.763,2469
2018-09-21 07:18:08.195,1812
2018-09-21 07:28:07.396,1827
2018-09-21 07:38:07.175,1622
2018-09-21 07:48:08.741,1494
2018-09-21 07:58:07.240,1320
2018-09-21 08:08:07.779,1588
2018-09-21 08:18:07.524,1613
2018-09-21 08:28:07.359,1414
2018-09-21 08:38:07.324,1482
2018-09-21 08:48:09.938,1466
2018-09-21 09:08:08.083,1549
2018-09-21 09:18:07.507,2016
2018-09-21 09:28:07.196,1867
2018-09-21 09:38:07.182,2187
2018-09-21 09:48:07.451,2002
2018-09-21 09:58:07.526,2102
2018-09-21 10:08:07.139,2483
2018-09-21 10:18:07.591,2525
2018-09-21 10:28:09.833,2420
2018-09-21 10:38:07.871,2180
2018-09-21 10:48:07.662,2201
2018-09-21 10:58:08.484,2242
2018-09-21 11:08:07.168,2426
2018-09-21 11:18:07.704,2436
2018-09-21 11:28:06.181,2726
2018-09-21 11:38:07.487,2658
2018-09-21 11:48:07.261,2847
2018-09-21 11:58:07.416,2833
2018-09-21 12:08:07.092,2935
2018-09-21 12:18:06.683,2958
2018-09-21 12:28:08.107,3035
2018-09-21 12:38:07.025,3095
2018-09-21 12:48:07.131,3086
2018-09-21 12:58:06.432,3073
2018-09-21 13:08:08.222,3123
2018-09-21 13:18:11.319,3081
2018-09-21 13:28:06.641,3089
2018-09-21 13:38:09.102,3122
2018-09-21 13:48:07.215,3145
2018-09-21 13:58:06.923,3107
2018-09-21 14:08:08.755,3111
2018-09-21 14:18:09.378,3131
2018-09-21 14:28:06.524,3104
2018-09-21 14:38:07.153,3153
2018-09-21 14:48:08.384,3057
2018-09-21 14:58:07.553,3117
2018-09-21 15:08:06.137,3100
2018-09-21 15:18:06.946,3096
2018-09-21 15:28:06.584,3074
2018-09-21 15:38:07.294,3100
2018-09-21 15:48:08.957,3105
2018-09-21 15:58:05.854,3100
2018-09-21 16:08:06.653,3086
2018-09-21 16:18:06.751,3074
2018-09-21 16:28:06.725,3080
2018-09-21 16:38:08.215,3087
2018-09-21 16:48:06.371,3090
2018-09-21 16:58:06.447,2995
2018-09-21 17:08:06.338,3112
2018-09-21 17:18:08.754,3080
2018-09-21 17:28:06.523,3070
2018-09-21 17:38:05.831,3054
2018-09-21 17:48:08.999,3052
2018-09-21 17:58:06.189,3028
2018-09-21 18:08:06.430,2768
2018-09-21 18:18:07.379,2858
2018-09-21 18:28:07.773,2695
2018-09-21 18:38:05.525,2908
2018-09-21 18:48:07.635,2928
2018-09-21 18:58:09.587,2677
2018-09-21 19:08:07.324,2644
2018-09-21 19:18:08.330,3056
2018-09-21 19:28:05.973,3073
2018-09-21 19:38:07.330,3086
2018-09-21 19:48:08.156,3083
2018-09-21 19:58:05.534,3038
2018-09-21 20:08:06.821,3090
2018-09-21 20:18:05.501,3084
2018-09-21 20:28:05.692,3073
2018-09-21 20:38:07.510,3022
2018-09-21 20:48:05.679,2506
2018-09-21 20:58:08.167,2294
2018-09-21 21:08:05.495,2887
2018-09-21 21:18:05.601,2970
2018-09-21 21:28:07.248,2330
2018-09-21 21:38:06.855,2498
2018-09-21 21:48:05.287,2362
2018-09-21 21:58:06.385,2112
2018-09-21 22:08:06.779,2229
2018-09-21 22:18:04.950,1801
2018-09-21 22:28:04.852,2009
2018-09-21 22:38:05.869,1772
2018-09-21 22:48:04.858,1689
2018-09-21 22:58:05.406,2961
2018-09-21 23:08:05.236,1913
2018-09-21 23:18:05.175,2904
2018-09-21 23:28:04.866,2461
2018-09-21 23:38:04.399,2653
2018-09-21 23:48:05.537,1486
2018-09-21 23:58:05.799,1281
2018-09-22 00:08:06.467,1532
2018-09-22 00:18:04.557,2124
2018-09-22 00:28:07.396,1336
2018-09-22 00:38:07.104,1339
2018-09-22 00:48:06.097,1542
2018-09-22 00:58:04.510,2509
2018-09-22 01:08:22.339,2541
2018-09-22 01:18:06.855,2724
2018-09-22 01:28:04.228,2816
2018-09-22 01:38:03.980,2937
2018-09-22 01:48:04.234,2504
2018-09-22 01:58:04.301,1649
2018-09-22 02:08:04.998,2578
2018-09-22 02:18:06.198,1695
2018-09-22 02:28:03.541,1925
2018-09-22 02:38:22.094,1684
2018-09-22 02:48:06.459,2122
2018-09-22 02:58:34.262,1955
2018-09-22 03:08:04.050,1858
2018-09-22 03:18:06.751,1829
2018-09-22 03:28:04.043,2766
2018-09-22 03:38:06.305,2211
2018-09-22 03:48:04.224,2275
2018-09-22 03:58:05.850,2433
2018-09-22 04:08:34.441,2436
2018-09-22 04:18:06.010,2610
2018-09-22 04:28:04.362,2453
2018-09-22 04:38:03.896,2446
2018-09-22 04:48:04.389,2569
2018-09-22 04:58:03.873,2405
2018-09-22 05:08:03.780,2412
2018-09-22 05:18:06.346,2376
2018-09-22 05:28:03.070,2387
2018-09-22 05:38:05.558,2485
2018-09-22 05:48:05.976,2805
2018-09-22 05:58:05.804,2380
2018-09-22 06:08:05.327,2378
2018-09-22 06:18:05.680,2385
2018-09-22 06:28:05.966,2579
2018-09-22 06:38:03.717,2566
2018-09-22 06:48:06.379,2588
2018-09-22 06:58:03.530,2420
2018-09-22 07:08:04.734,2434
2018-09-22 07:18:05.086,2681
2018-09-22 07:28:02.919,2436
2018-09-22 07:38:05.835,2372
2018-09-22 07:48:04.819,2394
2018-09-22 07:58:03.314,2299
2018-09-22 08:08:03.898,2787
2018-09-22 08:18:03.595,2444
2018-09-22 08:28:03.560,2331
2018-09-22 08:38:05.252,2434
2018-09-22 08:48:03.531,2406
2018-09-22 08:58:03.232,2126
2018-09-22 09:08:03.513,2568
2018-09-22 09:18:06.430,2874
2018-09-22 09:28:03.249,2694
2018-09-22 09:38:04.527,2789
2018-09-22 09:48:04.130,2809
2018-09-22 09:58:04.949,2660
2018-09-22 10:08:02.976,2851
2018-09-22 10:18:04.549,2910
2018-09-22 10:28:03.016,2923
2018-09-22 10:38:03.287,2817
2018-09-22 10:48:04.631,2861
2018-09-22 10:58:05.652,3005
2018-09-22 11:08:02.965,2815
2018-09-22 11:18:04.760,2852
2018-09-22 11:28:04.235,3056
2018-09-22 11:38:05.151,3055
2018-09-22 11:48:03.563,3032
2018-09-22 11:58:02.846,3060
2018-09-22 12:08:04.770,3038
2018-09-22 12:18:02.883,3038
2018-09-22 12:28:03.154,3082
2018-09-22 12:38:04.589,3057
2018-09-22 12:48:03.380,3055
2018-09-22 12:58:03.099,3013
2018-09-22 13:08:03.538,3063
2018-09-22 13:18:02.849,3083
2018-09-22 13:28:02.522,3075
2018-09-22 13:38:04.400,3085
2018-09-22 13:48:03.255,3088
2018-09-22 13:58:03.078,3062
2018-09-22 14:08:13.486,3000
2018-09-22 14:18:03.034,3086
2018-09-22 14:28:05.254,3085
2018-09-22 14:38:03.015,3090
2018-09-22 14:48:04.269,3083
2018-09-22 14:58:02.638,3077
2018-09-22 15:08:02.472,3082
2018-09-22 15:18:02.912,3090
2018-09-22 15:28:02.846,3067
2018-09-22 15:38:02.905,3088
2018-09-22 15:48:02.731,3104
2018-09-22 15:58:04.338,3113
2018-09-22 16:08:03.210,3068
2018-09-22 16:18:04.020,3084
2018-09-22 16:28:05.096,3098
2018-09-22 16:38:02.457,3087
2018-09-22 16:48:02.774,3085
2018-09-22 16:58:02.519,3083
2018-09-22 17:08:02.363,3075
2018-09-22 17:18:02.381,3101
2018-09-22 17:28:04.058,3087
2018-09-22 17:38:02.591,3093
2018-09-22 17:48:02.372,3089
2018-09-22 17:58:02.201,3077
2018-09-22 18:08:04.673,3075
2018-09-22 18:18:01.973,3058
2018-09-22 18:28:02.078,3077
2018-09-22 18:38:02.646,3079
2018-09-22 18:48:03.027,3057
2018-09-22 18:58:01.828,3079
2018-09-22 19:08:02.233,2780
2018-09-22 19:18:03.155,2914
2018-09-22 19:28:01.177,3083
2018-09-22 19:38:01.592,2980
2018-09-22 19:48:02.199,2689
2018-09-22 19:58:01.907,2893
2018-09-22 20:08:01.902,3059
2018-09-22 20:18:03.662,2947
2018-09-22 20:28:01.650,2051
2018-09-22 20:38:01.403,2570
2018-09-22 20:48:01.638,1880
2018-09-22 20:58:01.356,1867
2018-09-22 21:08:03.968,2634
2018-09-22 21:18:00.657,2504
2018-09-22 21:28:01.859,2647
2018-09-22 21:38:04.565,2595
2018-09-22 21:48:01.052,2550
2018-09-22 21:58:02.584,2662
2018-09-22 22:08:01.190,2602
2018-09-22 22:18:01.449,2008
2018-09-22 22:28:03.088,1881
2018-09-22 22:38:01.816,1841
2018-09-22 22:48:02.974,1811
2018-09-22 22:58:01.787,1749
2018-09-22 23:08:01.052,1769
2018-09-22 23:18:03.359,2480
2018-09-22 23:28:02.328,1502
2018-09-22 23:38:00.643,1499
2018-09-22 23:48:01.464,1780
2018-09-22 23:58:00.722,1488
2018-09-23 00:08:02.164,1234
2018-09-23 00:18:01.263,2614
2018-09-23 00:28:00.859,1483
2018-09-23 00:38:01.021,1246
2018-09-23 00:48:00.449,1578
2018-09-23 00:58:02.584,1231
2018-09-23 01:08:00.314,1230
2018-09-23 01:18:01.906,1460
2018-09-23 01:28:02.689,1489
2018-09-23 01:38:01.975,1732
2018-09-23 01:48:02.278,1775
2018-09-23 01:58:02.252,1731
2018-09-23 02:08:00.449,1286
2018-09-23 02:18:00.896,1463
2018-09-23 02:28:02.029,2946
2018-09-23 02:38:00.089,2484
2018-09-23 02:48:01.890,2469
2018-09-23 02:58:02.326,2456
2018-09-23 03:08:00.206,1267
2018-09-23 03:18:03.248,1504
2018-09-23 03:28:01.512,1482
2018-09-23 03:38:02.105,1510
2018-09-23 03:48:00.872,1748
2018-09-23 03:58:02.479,1782
2018-09-23 04:08:02.163,1511
2018-09-23 04:18:02.450,1725
2018-09-23 04:28:01.068,1277
2018-09-23 04:38:02.461,2530
2018-09-23 04:47:59.738,1599
2018-09-23 04:57:59.887,2201
2018-09-23 05:08:01.239,1728
2018-09-23 05:17:59.753,1761
2018-09-23 05:28:02.105,1899
2018-09-23 05:37:59.842,1555
2018-09-23 05:47:59.721,1518
2018-09-23 05:57:59.949,1851
2018-09-23 06:08:02.497,2422
2018-09-23 06:18:02.132,2104
2018-09-23 06:28:00.826,1955
2018-09-23 06:37:59.764,1968
2018-09-23 06:47:59.377,1589
2018-09-23 06:58:01.229,1829
2018-09-23 07:08:00.087,1817
2018-09-23 07:17:59.303,2491
2018-09-23 07:27:58.988,2484
2018-09-23 07:37:59.371,2439
2018-09-23 07:48:00.922,1716
2018-09-23 07:57:59.390,1605
2018-09-23 08:07:59.389,2454
2018-09-23 08:17:59.403,2888
2018-09-23 08:28:00.380,2859
2018-09-23 08:37:59.747,1493
2018-09-23 08:47:59.051,1608
2018-09-23 08:57:59.388,1662
2018-09-23 09:07:59.064,1580
2018-09-23 09:17:59.783,2350
2018-09-23 09:27:59.641,2131
2018-09-23 09:38:00.059,2831
2018-09-23 09:48:01.727,1746
2018-09-23 09:57:59.772,2386
2018-09-23 10:07:59.130,2562
2018-09-23 10:18:15.428,2890
2018-09-23 10:27:59.613,2871
2018-09-23 10:37:59.800,2347
2018-09-23 10:48:00.194,2375
2018-09-23 10:57:59.078,2561
2018-09-23 11:08:02.976,2533
2018-09-23 11:17:59.350,2951
2018-09-23 11:27:59.455,2665
2018-09-23 11:37:58.913,2667
2018-09-23 11:47:58.642,2569
2018-09-23 11:58:01.182,2754
2018-09-23 12:07:59.263,2793
2018-09-23 12:17:59.162,2855
2018-09-23 12:27:59.071,2858
2018-09-23 12:37:59.209,2995
2018-09-23 12:48:00.833,3012
2018-09-23 12:57:58.938,3058
2018-09-23 13:07:58.502,3062
2018-09-23 13:18:00.793,3009
2018-09-23 13:27:58.846,3065
2018-09-23 13:37:58.947,3044
2018-09-23 13:47:58.857,3043
2018-09-23 13:58:00.433,3078
2018-09-23 14:08:00.739,3073
2018-09-23 14:17:59.513,3079
2018-09-23 14:27:58.770,3058
2018-09-23 14:37:58.856,3081
2018-09-23 14:48:01.471,3074
2018-09-23 14:58:01.116,3076
2018-09-23 15:07:58.948,3072
2018-09-23 15:17:59.164,3111
2018-09-23 15:27:59.874,3101
2018-09-23 15:37:58.647,3097
2018-09-23 15:47:59.819,3101
2018-09-23 15:57:58.822,3103
2018-09-23 16:07:58.855,3132
2018-09-23 16:17:58.644,3101
2018-09-23 16:28:00.137,3128
2018-09-23 16:37:58.342,3103
2018-09-23 16:47:58.661,3118
2018-09-23 16:57:58.268,3147
2018-09-23 17:07:59.821,3136
2018-09-23 17:17:58.626,3146
2018-09-23 17:27:59.296,3138
2018-09-23 17:37:58.591,3129
2018-09-23 17:48:00.160,3097
2018-09-23 17:57:58.499,3123
2018-09-23 18:08:00.205,3151
2018-09-23 18:17:58.397,3131
2018-09-23 18:28:00.120,3112
2018-09-23 18:37:59.893,3078
2018-09-23 18:48:00.628,3079
2018-09-23 18:57:57.924,3087
2018-09-23 19:07:59.548,2961
2018-09-23 19:17:57.453,3079
2018-09-23 19:27:57.902,3059
2018-09-23 19:37:58.036,2911
2018-09-23 19:47:58.315,2728
2018-09-23 19:57:57.894,2856
2018-09-23 20:07:58.255,2175
2018-09-23 20:17:57.577,2988
2018-09-23 20:27:57.912,2908
2018-09-23 20:37:57.980,2837
2018-09-23 20:47:59.571,2925
2018-09-23 20:57:59.143,2612
2018-09-23 21:07:59.143,2197
2018-09-23 21:17:57.954,1854
2018-09-23 21:27:58.157,1868
2018-09-23 21:37:58.957,2182
2018-09-23 21:47:57.614,1237
2018-09-23 21:57:57.820,1340
2018-09-23 22:07:57.160,1816
2018-09-23 22:17:57.535,1283
2018-09-23 22:27:57.134,2495
2018-09-23 22:37:57.193,1503
2018-09-23 22:47:57.625,1552
2018-09-23 22:57:57.202,1493
2018-09-23 23:07:57.184,2515
2018-09-23 23:17:57.521,1235
2018-09-23 23:27:58.831,1708
2018-09-23 23:37:56.865,1376
2018-09-23 23:48:16.125,1334
2018-09-23 23:57:56.833,1204
2018-09-24 00:08:15.596,1243
2018-09-24 00:17:56.793,2717
2018-09-24 00:27:57.697,1416
2018-09-24 00:37:56.812,1912
2018-09-24 00:47:58.363,2990
2018-09-24 00:57:58.440,2064
2018-09-24 01:07:57.843,2488
2018-09-24 01:17:56.993,2191
2018-09-24 01:27:56.159,1987
2018-09-24 01:37:58.341,2218
2018-09-24 01:47:58.407,2742
2018-09-24 01:58:13.791,2183
2018-09-24 02:07:56.239,2086
2018-09-24 02:17:59.343,1836
2018-09-24 02:27:57.680,2121
2018-09-24 02:37:57.411,1353
2018-09-24 02:47:58.517,1407
2018-09-24 02:57:57.706,1956
2018-09-24 03:07:57.787,2671
2018-09-24 03:17:56.926,2737
2018-09-24 03:28:13.014,2844
2018-09-24 03:37:57.975,2497
2018-09-24 03:47:58.422,2537
2018-09-24 03:57:58.335,2593
2018-09-24 04:07:57.262,2629
2018-09-24 04:17:57.375,2634
2018-09-24 04:27:57.773,3046
2018-09-24 04:37:56.596,2815
2018-09-24 04:47:56.605,2853
2018-09-24 04:57:57.058,2920
2018-09-24 05:07:56.113,2899
2018-09-24 05:17:55.816,2889
2018-09-24 05:27:55.939,2962
2018-09-24 05:37:56.667,2989
2018-09-24 05:47:55.291,3023
2018-09-24 05:57:57.977,3090
2018-09-24 06:07:56.997,3069
2018-09-24 06:17:55.580,3075
2018-09-24 06:27:56.095,3088
2018-09-24 06:37:58.359,3005
2018-09-24 06:47:58.167,3028
2018-09-24 06:57:57.074,3021
2018-09-24 07:07:57.250,3077
2018-09-24 07:17:55.921,3048
2018-09-24 07:27:55.932,3047
2018-09-24 07:37:57.917,3060
2018-09-24 07:47:57.280,3007
2018-09-24 07:57:57.696,3052
2018-09-24 08:07:56.831,3072
2018-09-24 08:17:55.969,3067
2018-09-24 08:27:58.093,3063
2018-09-24 08:37:56.946,3064
2018-09-24 08:47:57.402,3060
2018-09-24 08:57:56.078,3113
2018-09-24 09:07:57.665,3023
2018-09-24 09:17:57.151,3079
2018-09-24 09:27:55.776,3082
2018-09-24 09:37:56.000,3085
2018-09-24 09:47:57.561,3099
2018-09-24 09:57:56.485,3097
2018-09-24 10:07:55.630,3074
2018-09-24 10:17:56.130,3088
2018-09-24 10:27:55.203,3079
2018-09-24 10:37:56.540,3079
2018-09-24 10:47:55.602,3114
2018-09-24 10:57:55.322,3081
2018-09-24 11:07:55.115,3077
2018-09-24 11:17:55.322,3100
2018-09-24 11:27:56.783,3077
2018-09-24 11:37:55.328,3116
2018-09-24 11:47:57.175,3093
2018-09-24 11:57:57.534,3083
2018-09-24 12:07:57.253,3088
2018-09-24 12:17:55.341,3082
2018-09-24 12:27:57.010,3085
2018-09-24 12:37:59.042,3092
2018-09-24 12:47:56.462,3123
2018-09-24 12:57:56.443,3099
2018-09-24 13:07:56.862,3110
2018-09-24 13:17:55.806,3023
2018-09-24 13:27:55.881,3122
2018-09-24 13:37:56.824,3121
2018-09-24 13:47:57.629,3125
2018-09-24 13:57:54.632,3112
2018-09-24 14:07:54.396,3099
2018-09-24 14:17:55.628,3087
2018-09-24 14:27:56.156,3092
2018-09-24 14:37:55.039,2827
2018-09-24 14:47:54.784,3109
2018-09-24 14:57:54.667,3080
2018-09-24 15:07:54.937,3112
2018-09-24 15:17:55.394,3065
2018-09-24 15:27:54.986,3030
2018-09-24 15:37:57.394,3017
2018-09-24 15:47:57.767,2977
2018-09-24 15:57:54.922,2935
2018-09-24 16:07:54.620,3099
2018-09-24 16:17:56.680,2858
2018-09-24 16:27:55.017,2967
2018-09-24 16:37:54.356,3042
2018-09-24 16:47:56.376,3068
2018-09-24 16:57:54.431,2702
2018-09-24 17:07:55.276,3077
2018-09-24 17:17:57.454,3075
2018-09-24 17:27:54.281,3075
2018-09-24 17:37:56.480,3085
2018-09-24 17:47:54.192,3087
2018-09-24 17:57:54.619,3048
2018-09-24 18:07:54.418,3040
2018-09-24 18:17:54.232,3068
2018-09-24 18:27:54.438,3104
2018-09-24 18:37:54.542,3087
2018-09-24 18:47:54.461,3087
2018-09-24 18:57:55.795,3095
2018-09-24 19:07:56.173,3092
2018-09-24 19:17:53.675,3086
2018-09-24 19:27:54.350,3081
2018-09-24 19:37:55.799,3052
2018-09-24 19:47:55.595,3090
2018-09-24 19:57:54.768,3052
2018-09-24 20:07:53.999,3082
2018-09-24 20:17:54.047,3075
2018-09-24 20:27:53.914,3059
2018-09-24 20:37:53.099,3051
2018-09-24 20:47:54.612,3032
2018-09-24 20:57:55.426,3019
2018-09-24 21:07:55.610,3031
2018-09-24 21:17:53.047,3040
2018-09-24 21:27:53.951,2318
2018-09-24 21:37:53.646,2307
2018-09-24 21:47:55.707,2538
2018-09-24 21:57:54.940,2530
2018-09-24 22:07:54.620,2617
2018-09-24 22:17:53.806,2235
2018-09-24 22:27:56.260,1851
2018-09-24 22:37:55.866,2185
2018-09-24 22:47:53.801,2284
2018-09-24 22:57:54.092,2363
2018-09-24 23:07:53.338,2602
2018-09-24 23:17:54.921,2908
2018-09-24 23:27:53.363,2927
2018-09-24 23:37:55.419,2814
2018-09-24 23:47:53.682,2150
2018-09-24 23:57:54.336,2006
2018-09-25 00:07:53.388,2114
2018-09-25 00:17:53.968,2114
2018-09-25 00:27:53.307,2054
2018-09-25 00:37:54.251,2130
2018-09-25 00:47:54.735,2300
2018-09-25 00:57:53.398,2536
2018-09-25 01:07:53.849,3079
2018-09-25 01:17:54.467,3002
2018-09-25 01:27:54.311,3008
2018-09-25 01:38:09.493,2965
2018-09-25 01:47:52.630,2598
2018-09-25 01:57:54.209,3069
2018-09-25 02:07:53.065,2961
2018-09-25 02:17:55.478,2998
2018-09-25 02:27:52.922,3065
2018-09-25 02:37:54.175,3059
2018-09-25 02:47:53.194,3076
2018-09-25 02:57:54.152,2998
2018-09-25 03:07:53.509,3079
2018-09-25 03:17:54.016,3090
2018-09-25 03:27:53.905,3095
2018-09-25 03:37:53.831,3086
2018-09-25 03:47:52.964,3082
2018-09-25 03:57:54.016,3078
2018-09-25 04:07:53.242,3076
2018-09-25 04:17:51.753,3074
2018-09-25 04:27:52.264,3078
2018-09-25 04:37:52.829,3079
2018-09-25 04:47:53.122,3092
2018-09-25 04:57:53.021,3084
2018-09-25 05:07:53.323,3085
2018-09-25 05:18:09.329,3095
2018-09-25 05:27:52.509,3107
2018-09-25 05:37:52.251,3113
2018-09-25 05:47:54.518,3114
2018-09-25 05:57:52.091,3079
2018-09-25 06:07:52.384,3077
2018-09-25 06:17:52.847,3080
2018-09-25 06:27:51.699,3079
2018-09-25 06:37:52.457,3089
2018-09-25 06:47:53.851,3082
2018-09-25 06:57:53.864,3077
2018-09-25 07:07:52.366,3088
2018-09-25 07:17:54.695,3090
2018-09-25 07:27:52.837,3077
2018-09-25 07:37:51.909,3088
2018-09-25 07:47:53.502,3101
2018-09-25 07:57:52.134,3087
2018-09-25 08:07:51.552,3080
2018-09-25 08:17:51.728,3075
2018-09-25 08:27:51.609,3085
2018-09-25 08:37:52.366,3050
2018-09-25 08:47:51.842,3030
2018-09-25 08:57:54.269,3064
2018-09-25 09:07:53.898,3084
2018-09-25 09:17:52.239,3074
2018-09-25 09:27:51.666,3056
2018-09-25 09:37:51.585,2959
2018-09-25 09:47:53.721,2970
2018-09-25 09:57:53.295,2919
2018-09-25 10:07:51.618,2901
2018-09-25 10:17:54.237,2849
2018-09-25 10:27:51.549,2847
2018-09-25 10:37:53.657,2805
2018-09-25 10:47:52.619,2807
2018-09-25 10:57:51.366,2690
2018-09-25 11:07:51.610,2709
2018-09-25 11:17:51.437,2798
2018-09-25 11:27:52.737,2859
2018-09-25 11:37:52.176,2842
2018-09-25 11:47:51.389,2877
2018-09-25 11:57:52.287,2954
2018-09-25 12:07:51.818,2960
2018-09-25 12:17:51.994,3041
2018-09-25 12:27:53.955,3055
2018-09-25 12:37:52.874,3059
2018-09-25 12:47:51.166,3015
2018-09-25 12:57:51.752,3026
2018-09-25 13:07:54.781,3085
2018-09-25 13:17:51.489,3085
2018-09-25 13:27:52.694,3080
2018-09-25 13:37:51.573,3080
2018-09-25 13:47:51.326,3082
2018-09-25 13:57:52.748,3071
2018-09-25 14:07:53.720,3092
2018-09-25 14:17:51.487,3073
2018-09-25 14:27:50.215,3093
2018-09-25 14:37:51.932,3107
2018-09-25 14:47:52.820,3082
2018-09-25 14:57:52.584,3095
2018-09-25 15:07:51.521,3103
2018-09-25 15:17:51.980,3090
2018-09-25 15:27:51.027,3094
2018-09-25 15:37:50.716,3086
2018-09-25 15:47:50.811,3096
2018-09-25 15:57:51.309,3080
2018-09-25 16:07:52.753,3082
2018-09-25 16:17:50.926,3071
2018-09-25 16:27:50.569,3080
2018-09-25 16:37:50.895,3091
2018-09-25 16:47:50.626,3086
2018-09-25 16:57:49.845,3070
2018-09-25 17:07:52.513,3080
2018-09-25 17:17:50.892,3070
2018-09-25 17:27:54.497,3081
2018-09-25 17:37:50.728,3070
2018-09-25 17:47:54.358,3072
2018-09-25 17:57:50.244,3085
2018-09-25 18:07:51.333,3064
2018-09-25 18:17:52.712,3062
2018-09-25 18:27:49.929,3026
2018-09-25 18:37:50.139,3020
2018-09-25 18:47:50.406,3090
2018-09-25 18:57:50.193,3060
2018-09-25 19:07:51.589,3032
2018-09-25 19:17:52.867,2962
2018-09-25 19:27:50.628,2865
2018-09-25 19:37:51.932,2874
2018-09-25 19:47:50.617,2959
2018-09-25 19:57:50.245,2918
2018-09-25 20:07:50.586,2853
2018-09-25 20:17:49.670,2758
2018-09-25 20:27:49.959,2782
2018-09-25 20:37:49.955,2792
2018-09-25 20:47:49.895,2828
2018-09-25 21:07:50.052,2863
2018-09-25 21:17:50.301,2743
2018-09-25 21:27:49.888,2770
2018-09-25 21:37:50.571,2717
2018-09-25 21:47:49.935,2778
2018-09-25 21:57:51.032,2756
2018-09-25 22:07:51.203,2851
2018-09-25 22:17:49.521,2843
2018-09-25 22:27:49.510,2725
2018-09-25 22:37:49.596,2777
2018-09-25 22:47:49.720,2622
2018-09-25 22:57:51.755,2669
2018-09-25 23:07:49.976,2695
2018-09-25 23:17:49.227,2554
2018-09-25 23:27:50.549,2958
2018-09-25 23:37:49.113,2631
2018-09-25 23:47:49.522,2746
2018-09-25 23:57:50.506,2631
2018-09-26 00:07:48.741,2636
2018-09-26 00:18:03.888,2682
2018-09-26 00:27:51.420,2600
2018-09-26 07:53:26.897,1660
2018-09-26 08:03:51.312,2679
2018-10-26 09:58:38.920,1062
2018-10-26 10:00:03.106,1110
2018-10-26 10:01:28.007,1104
2018-10-26 10:11:38.335,1010
2018-10-26 10:22:25.089,1006
2018-10-26 10:32:09.418,994
2018-10-26 10:42:39.827,1013
2018-10-26 10:52:28.966,1008
2018-10-26 11:06:36.526,2292
2018-10-26 11:16:07.090,2610
2018-10-26 11:26:31.572,3022
2018-10-26 11:36:01.660,2610
2018-10-26 11:46:16.804,2553
2018-10-26 11:55:47.160,2839
2018-10-26 12:06:04.377,2950
2018-10-26 12:15:34.699,2642
2018-10-26 12:25:42.224,2902
2018-10-26 12:35:14.743,2867
2018-10-26 12:45:33.080,2402
2018-10-26 12:55:04.289,2849
2018-10-26 13:05:25.500,2068
2018-10-26 13:14:57.242,2949
2018-10-26 13:25:16.719,2377
2018-10-26 13:34:47.663,3060
2018-10-26 13:45:09.142,2873
2018-10-26 13:54:40.036,3016
2018-10-26 14:04:54.307,2349
2018-10-26 14:14:24.809,3026
2018-10-26 14:24:43.059,2940
2018-10-26 14:34:13.477,2881
2018-10-26 14:44:33.173,2763
2018-10-26 14:54:03.494,2851
2018-10-26 15:04:08.041,2936
2018-10-26 15:13:38.840,2636
2018-10-26 15:24:02.631,2470
2018-10-26 15:33:34.265,2791
2018-10-26 15:43:57.320,3058
2018-10-26 15:53:27.511,2823
2018-10-26 16:03:47.296,1808
2018-10-26 16:13:17.947,2442
2018-10-26 16:23:21.789,3070
2018-10-26 16:32:52.393,2967
2018-10-26 16:43:10.637,3050
2018-10-26 16:52:41.711,2785
2018-10-26 17:03:03.203,2315
2018-10-26 17:12:35.111,2399
2018-10-26 17:22:47.251,2283
2018-10-26 17:32:16.894,2928
2018-10-26 17:42:23.616,3028
2018-10-26 17:51:55.349,3004
2018-10-26 18:02:18.585,2380
2018-10-26 18:11:49.011,2972
2018-10-26 18:22:11.169,2459
2018-10-26 18:31:41.480,2758
2018-10-26 18:41:50.993,2464
2018-10-26 18:51:19.718,2822
2018-10-26 19:01:31.144,2886
2018-10-26 19:10:58.690,2655
2018-10-26 19:21:13.490,2353
2018-10-26 19:30:44.328,2785
2018-10-26 19:40:53.506,2907
2018-10-26 19:50:22.305,2412
2018-10-26 20:00:33.214,2270
2018-10-26 20:10:01.549,2212
2018-10-26 20:20:25.438,2359
2018-10-26 20:29:53.930,2351
2018-10-26 20:40:06.015,2747
2018-10-26 20:49:35.003,2738
2018-10-26 20:59:48.143,2305
2018-10-26 21:09:15.524,2592
2018-10-26 21:19:36.706,2785
2018-10-26 21:29:05.925,2132
2018-10-26 21:39:19.758,2297
2018-10-26 21:48:49.308,2103
2018-10-26 21:59:10.930,2473
2018-10-26 22:08:39.049,2593
2018-10-26 22:18:58.075,2161
2018-10-26 22:28:27.699,2210
2018-10-26 22:38:35.252,2598
2018-10-26 22:48:02.893,2691
2018-10-26 22:58:25.471,2521
2018-10-26 23:07:54.894,2085
2018-10-26 23:18:08.104,2383
2018-10-26 23:27:38.747,2431
2018-10-26 23:37:51.667,2276
2018-10-26 23:47:19.689,2686
2018-10-26 23:57:41.734,2588
2018-10-27 00:07:10.386,2149
2018-10-27 00:17:24.588,2642
2018-10-27 00:26:53.042,2513
2018-10-27 00:37:15.129,2126
2018-10-27 00:46:43.192,2409
2018-10-27 00:57:00.283,2722
2018-10-27 01:06:30.169,2642
2018-10-27 01:16:39.138,2557
2018-10-27 01:26:07.023,2592
2018-10-27 01:36:16.855,2103
2018-10-27 01:45:45.912,2582
2018-10-27 01:55:54.936,2445
2018-10-27 02:05:23.263,2649
2018-10-27 02:15:40.876,2165
2018-10-27 02:25:08.779,2520
2018-10-27 02:35:17.924,2113
2018-10-27 02:44:45.632,2184
2018-10-27 02:55:05.705,2156
2018-10-27 03:04:35.163,2341
2018-10-27 03:14:49.859,2572
2018-10-27 03:24:19.453,2138
2018-10-27 03:34:26.737,2151
2018-10-27 03:43:55.893,2243
2018-10-27 03:54:04.062,2688
2018-10-27 04:03:31.533,2126
2018-10-27 04:13:53.538,2127
2018-10-27 04:23:21.715,2597
2018-10-27 04:33:29.920,2259
2018-10-27 04:43:02.034,2145
2018-10-27 04:53:19.769,2392
2018-10-27 05:02:49.044,2606
2018-10-27 05:13:04.231,2253
2018-10-27 05:22:32.093,2189
2018-10-27 05:32:43.526,2177
2018-10-27 05:42:11.866,2636
2018-10-27 05:52:32.144,2145
2018-10-27 06:02:00.375,2016
2018-10-27 06:12:24.020,2473
2018-10-27 06:21:53.813,2000
2018-10-27 06:32:12.514,2393
2018-10-27 06:41:42.069,2057
2018-10-27 06:52:03.780,2244
2018-10-27 07:01:33.280,2238
2018-10-27 07:11:51.643,2355
2018-10-27 07:21:18.945,2660
2018-10-27 07:31:34.255,2589
2018-10-27 07:41:04.041,2267
2018-10-27 07:51:19.974,2061
2018-10-27 08:00:48.028,2501
2018-10-27 08:11:03.262,2074
2018-10-27 08:20:31.445,2029
2018-10-27 08:30:44.927,2660
2018-10-27 08:40:13.859,2181
2018-10-27 08:50:22.296,2067
2018-10-27 08:59:51.080,2515
2018-10-27 09:10:00.724,2695
2018-10-27 09:19:27.864,2483
2018-10-27 09:29:39.764,2495
2018-10-27 09:39:08.372,2552
2018-10-27 09:49:23.052,2326
2018-10-27 09:58:52.029,2035
2018-10-27 10:09:16.054,2650
2018-10-27 10:18:44.025,2642
2018-10-27 10:29:04.742,2631
2018-10-27 10:38:33.349,2654
2018-10-27 10:48:39.891,2081
2018-10-27 10:58:09.474,2065
2018-10-27 11:08:30.783,2210
2018-10-27 11:17:59.049,2058
2018-10-27 11:28:12.081,2165
2018-10-27 11:37:39.158,2317
2018-10-27 11:47:49.425,2708
2018-10-27 11:57:16.514,2694
2018-10-27 12:07:36.342,2491
2018-10-27 12:17:04.974,2069
2018-10-27 12:27:17.303,2146
2018-10-27 12:36:44.263,2699
2018-10-27 12:46:57.173,2491
2018-10-27 12:56:26.270,2506
2018-10-27 13:06:38.295,2607
2018-10-27 13:16:08.094,2192
2018-10-27 13:26:20.299,2493
2018-10-27 13:35:49.108,2310
2018-10-27 13:46:06.924,2780
2018-10-27 13:55:35.848,2649
2018-10-27 14:05:50.982,2828
2018-10-27 14:15:20.095,2397
2018-10-27 14:25:28.737,2817
2018-10-27 14:34:58.147,2203
2018-10-27 14:45:13.605,2232
2018-10-27 14:54:43.062,2448
2018-10-27 15:04:57.814,2476
2018-10-27 15:14:25.668,2403
2018-10-27 15:24:38.906,2716
2018-10-27 15:34:08.038,2512
2018-10-27 15:44:25.931,2324
2018-10-27 15:53:54.903,2197
2018-10-27 16:04:02.187,2287
2018-10-27 16:13:31.849,2436
2018-10-27 16:23:54.244,2525
2018-10-27 16:33:23.489,2483
2018-10-27 16:43:31.504,2323
2018-10-27 16:53:00.224,2195
2018-10-27 17:03:19.785,2729
2018-10-27 17:12:48.227,2816
2018-10-27 17:22:56.995,2658
2018-10-27 17:32:26.571,2810
2018-10-27 17:42:34.745,2840
2018-10-27 17:52:04.274,2789
2018-10-27 18:02:13.952,2847
2018-10-27 18:11:42.058,2729
2018-10-27 18:21:56.750,2623
2018-10-27 18:31:26.485,2300
2018-10-27 18:41:45.655,2583
2018-10-27 18:51:14.382,2830
2018-10-27 19:01:33.192,2922
2018-10-27 19:21:11.281,2734
2018-10-27 19:30:38.968,2664
2018-10-27 19:40:59.807,2839
2018-10-27 19:50:27.491,2699
2018-10-27 20:00:50.398,2531
2018-10-27 20:10:18.410,2282
2018-10-27 20:20:32.363,2604
2018-10-27 20:30:01.246,2534
2018-10-27 20:40:10.643,2405
2018-10-27 20:49:39.331,2825
2018-10-27 21:00:03.283,2893
2018-10-27 21:09:31.989,2734
2018-10-27 21:19:41.973,2631
2018-10-27 21:29:09.746,2416
2018-10-27 21:39:17.936,2437
2018-10-27 21:48:46.508,2777
2018-10-27 21:59:07.234,2787
2018-10-27 22:08:36.649,2881
2018-10-27 22:18:54.944,2413
2018-10-27 22:28:24.330,2470
2018-10-27 22:38:32.655,2739
2018-10-27 22:48:01.223,2567
2018-10-27 22:58:09.771,2956
2018-10-27 23:07:38.354,2518
2018-10-27 23:17:48.364,2736
2018-10-27 23:27:17.955,2272
2018-10-27 23:37:36.557,2516
2018-10-27 23:47:05.612,2871
2018-10-27 23:57:17.433,2407
2018-10-28 00:06:44.645,2478
2018-10-28 00:16:57.197,2938
2018-10-28 00:26:25.446,2366
2018-10-28 00:36:46.425,2964
2018-10-28 00:46:18.087,2747
2018-10-28 00:56:39.523,2441
2018-10-28 01:06:07.841,2284
2018-10-28 01:16:21.860,2821
2018-10-28 01:25:49.765,2871
2018-10-28 01:36:01.624,2844
2018-10-28 01:45:31.685,2807
2018-10-28 01:55:38.406,2422
2018-10-28 02:05:06.812,2305
2018-10-28 02:15:21.209,2987
2018-10-28 02:24:49.150,2530
2018-10-28 02:35:00.019,2980
2018-10-28 02:44:28.185,2852
2018-10-28 02:54:38.504,2817
2018-10-28 02:04:07.803,2305
2018-10-28 02:14:23.855,2937
2018-10-28 02:23:51.665,2832
2018-10-28 02:34:07.299,2967
2018-10-28 02:43:36.354,2903
2018-10-28 02:53:56.336,2915
2018-10-28 03:03:24.998,2900
2018-10-28 03:13:25.139,2991
2018-10-28 03:22:53.933,2396
2018-10-28 03:33:07.121,2733
2018-10-28 03:42:36.725,2312
2018-10-28 03:52:54.521,2946
2018-10-28 04:02:24.270,2721
2018-10-28 04:12:39.493,2483
2018-10-28 04:22:07.059,2335
2018-10-28 04:32:23.115,2601
2018-10-28 04:41:50.795,2865
2018-10-28 04:52:03.717,2674
2018-10-28 05:01:32.511,2920
2018-10-28 05:11:50.882,2966
2018-10-28 05:21:19.440,2603
2018-10-28 05:31:32.037,2453
2018-10-28 05:41:01.369,2713
2018-10-28 05:51:16.141,3003
2018-10-28 06:00:45.133,2411
2018-10-28 06:10:55.172,2712
2018-10-28 06:20:22.909,2834
2018-10-28 06:30:42.541,2586
2018-10-28 06:40:10.528,2326
2018-10-28 06:50:23.612,2624
2018-10-28 06:59:52.069,2473
2018-10-28 07:10:17.411,2984
2018-10-28 07:19:44.972,2350
2018-10-28 07:29:59.114,2504
2018-10-28 07:39:28.005,2390
2018-10-28 07:49:46.192,2614
2018-10-28 07:59:14.024,2735
2018-10-28 08:09:33.646,2918
2018-10-28 08:19:01.383,2841
2018-10-28 08:29:19.008,2522
2018-10-28 08:38:48.652,2960
2018-10-28 08:49:07.614,2943
2018-10-28 08:58:36.805,2846
2018-10-28 09:08:55.867,2609
2018-10-28 09:18:23.035,2372
2018-10-28 09:28:41.279,2903
2018-10-28 09:38:09.245,2395
2018-10-28 09:48:18.085,2657
2018-10-28 09:57:47.298,2888
2018-10-28 10:08:05.509,2516
2018-10-28 10:17:33.190,2437
2018-10-28 10:27:56.834,2709
2018-10-28 10:37:25.958,2748
2018-10-28 10:47:37.696,2825
2018-10-28 10:57:06.076,2582
2018-10-28 11:07:16.253,2788
2018-10-28 11:16:45.545,2878
2018-10-28 11:27:01.114,2565
2018-10-28 11:36:31.986,2942
2018-10-28 11:46:42.283,2875
2018-10-28 11:56:11.681,2961
2018-10-28 12:06:31.216,2829
2018-10-28 12:16:00.979,2512
2018-10-28 12:26:12.076,3017
2018-10-28 12:35:39.938,2694
2018-10-28 12:46:04.573,2704
2018-10-28 12:55:32.665,3009
2018-10-28 13:05:55.055,3075
2018-10-28 13:15:24.000,2884
2018-10-28 13:25:45.003,2950
2018-10-28 13:35:13.600,2480
2018-10-28 13:45:22.221,2503
2018-10-28 13:54:50.899,2863
2018-10-28 14:05:01.675,2835
2018-10-28 14:14:30.181,2943
2018-10-28 14:24:38.468,2815
2018-10-28 14:34:06.325,2454
2018-10-28 14:44:16.395,2851
2018-10-28 14:53:44.204,3049
2018-10-28 15:03:57.949,2956
2018-10-28 15:13:26.114,2978
2018-10-28 15:23:38.415,3071
2018-10-28 15:33:07.963,2834
2018-10-28 15:43:24.527,2738
2018-10-28 15:52:52.139,2784
2018-10-28 16:03:06.914,2509
2018-10-28 16:12:34.859,2663
2018-10-28 16:22:53.206,2503
2018-10-28 16:32:22.388,3051
2018-10-28 16:42:32.835,2599
2018-10-28 16:52:01.511,2980
2018-10-28 17:02:23.792,3083
2018-10-28 17:11:53.219,2947
2018-10-28 17:22:09.613,3055
2018-10-28 17:31:37.612,2550
2018-10-28 17:41:45.292,2682
2018-10-28 17:51:13.538,2933
2018-10-28 18:01:35.579,2498
2018-10-28 18:11:04.770,2503
2018-10-28 18:21:16.393,2914
2018-10-28 18:30:44.729,3052
2018-10-28 18:40:58.812,2829
2018-10-28 18:50:26.825,2688
2018-10-28 19:00:37.928,2598
2018-10-28 19:10:06.089,2568
2018-10-28 19:20:26.838,2799
2018-10-28 19:29:55.318,3017
2018-10-28 19:40:07.437,3080
2018-10-28 19:49:35.661,2951
2018-10-28 19:59:48.210,2995
2018-10-28 20:09:16.954,3026
2018-10-28 20:19:32.096,2731
2018-10-28 20:28:59.609,2596
2018-10-28 20:39:27.257,2640
2018-10-28 20:48:55.390,2521
2018-10-28 20:59:16.865,2826
2018-10-28 21:08:45.091,2967
2018-10-28 21:19:09.930,3006
2018-10-28 21:28:39.133,2501
2018-10-28 21:38:59.521,2514
2018-10-28 21:48:27.331,3041
2018-10-28 21:58:45.783,2684
2018-10-28 22:08:13.970,2494
2018-10-28 22:18:28.047,3077
2018-10-28 22:27:56.130,2639
2018-10-28 22:38:18.510,2736
2018-10-28 22:47:46.976,2536
2018-10-28 22:58:09.545,2798
2018-10-28 23:07:40.919,2547
2018-10-28 23:17:50.414,2504
2018-10-28 23:27:18.419,3020
2018-10-28 23:37:41.098,2835
2018-10-28 23:47:09.925,2830
2018-10-28 23:57:21.924,2628
2018-10-29 00:06:51.429,2511
2018-10-29 00:17:03.368,2610
2018-10-29 00:26:33.133,3036
2018-10-29 00:36:40.205,3077
2018-10-29 00:46:08.668,2759
2018-10-29 00:56:33.112,3068
2018-10-29 01:06:01.209,2810
2018-10-29 01:16:19.334,2958
2018-10-29 01:25:47.453,2475
2018-10-29 01:35:56.383,2655
2018-10-29 01:45:26.245,2541
2018-10-29 01:55:44.311,2530
2018-10-29 02:05:12.874,2948
2018-10-29 02:15:25.452,2503
2018-10-29 02:24:55.041,2918
2018-10-29 02:35:19.927,2516
2018-10-29 02:55:04.058,2749
2018-10-29 03:04:34.256,2813
2018-10-29 03:14:53.066,3013
2018-10-29 03:24:21.731,2751
2018-10-29 03:34:30.863,2533
2018-10-29 03:43:58.527,2485
2018-10-29 03:54:12.374,3079
2018-10-29 04:03:40.788,2846
2018-10-29 04:14:05.167,2647
2018-10-29 04:23:34.252,2953
2018-10-29 04:33:43.520,2506
2018-10-29 04:43:11.444,2804
2018-10-29 04:53:26.823,2963
2018-10-29 05:02:55.221,2987
2018-10-29 05:13:14.020,2968
2018-10-29 05:22:42.770,2689
2018-10-29 05:33:01.927,2957
2018-10-29 05:42:32.824,3050
2018-10-29 05:52:45.098,2601
2018-10-29 06:02:13.604,2457
2018-10-29 06:12:25.838,2504
2018-10-29 06:21:54.268,2791
2018-10-29 06:32:11.204,3072
2018-10-29 06:41:40.739,2564
2018-10-29 06:51:53.113,2635
2018-10-29 07:01:22.505,3010
2018-10-29 07:11:47.169,2958
2018-10-29 07:21:16.972,2826
2018-10-29 07:31:30.930,3055
2018-10-29 07:40:58.270,2928
2018-10-29 07:51:10.239,2591
2018-10-29 08:00:38.195,2813
2018-10-29 08:10:56.444,2635
2018-10-29 08:20:26.168,2561
2018-10-29 08:30:01.289,2904
2018-10-29 08:39:31.409,2886
2018-10-29 08:49:45.406,2909
2018-10-29 08:59:16.583,2858
2018-10-29 09:09:26.161,3072
2018-10-29 09:18:57.334,2768
2018-10-29 09:29:00.714,2645
2018-10-29 09:38:32.028,3058
2018-10-29 09:48:43.303,2873
2018-10-29 09:58:13.803,2721
2018-10-29 10:08:29.184,2772
2018-10-29 10:17:59.607,2995
2018-10-29 10:28:13.726,2845
2018-10-29 10:37:44.006,2738
2018-10-29 10:47:55.991,2953
2018-10-29 10:57:26.350,2868
2018-10-29 11:07:35.260,2975
2018-10-29 11:17:05.116,3008
2018-10-29 11:27:19.840,3065
2018-10-29 11:36:49.180,2789
2018-10-29 12:07:52.037,2404
2018-10-29 13:37:37.007,2293
2018-10-29 13:48:13.943,3068
2018-10-29 13:57:41.446,2397
2018-10-29 14:08:18.610,3189
2018-10-29 14:17:47.456,2639
2018-10-29 14:28:25.268,2803
2018-10-29 14:37:51.951,2241
2018-10-29 14:48:28.881,2717
2018-10-29 14:59:06.812,1392
2018-10-29 15:08:34.227,2137
2018-10-29 15:19:10.695,3044
2018-10-29 15:29:48.678,2932
2018-10-29 15:40:27.853,3060
2018-10-29 15:50:25.937,1713
2018-10-29 16:01:04.026,2733
2018-10-29 16:10:36.865,2001
2018-10-29 16:21:14.247,2727
2018-10-29 16:30:46.301,2369
2018-10-29 16:40:57.402,2531
2018-10-29 16:50:27.477,2871
2018-10-29 17:00:47.082,2737
2018-10-29 17:10:22.357,2074
2018-10-29 17:20:35.053,2636
2018-10-29 17:30:04.742,3144
2018-10-29 17:40:12.253,2560
2018-10-29 17:49:43.933,1688
2018-10-29 18:00:02.044,3001
2018-10-29 18:09:35.431,2448
2018-10-29 18:19:55.266,2746
2018-10-29 18:29:25.883,2068
2018-10-29 18:39:58.249,2901
2018-10-29 18:49:25.527,3057
2018-10-29 18:59:41.327,2869
2018-10-29 19:09:08.808,2908
2018-10-29 19:19:26.512,2833
2018-10-29 19:28:54.246,2958
2018-10-29 19:39:04.088,2923
2018-10-29 19:48:29.930,3103
2018-10-29 19:58:48.926,2920
2018-10-29 20:08:15.591,2918
2018-10-29 20:18:32.465,2841
2018-10-29 20:28:00.207,3084
2018-10-29 20:38:09.308,2881
2018-10-29 20:47:36.749,3020
2018-10-29 21:00:04.396,2866
2018-10-29 21:09:34.964,2230
2018-10-29 21:19:50.625,2622
2018-10-29 21:29:20.096,1919
2018-10-29 21:39:33.819,2291
2018-10-29 21:49:03.653,1937
2018-10-29 21:59:22.590,2055
2018-10-29 22:08:50.418,2498
2018-10-29 22:19:01.801,2229
2018-10-29 22:28:31.390,2113
2018-10-29 22:38:43.023,2247
2018-10-29 22:48:13.417,2133
2018-10-29 22:58:32.472,2327
2018-10-29 23:08:01.259,2031
2018-10-29 23:18:21.945,2179
2018-10-29 23:27:52.299,2171
2018-10-29 23:37:55.716,2241
2018-10-29 23:47:25.501,2231
2018-10-29 23:57:30.335,2277
2018-10-30 00:07:00.056,2102
2018-10-30 00:17:09.931,2251
2018-10-30 00:26:40.807,2172
2018-10-30 00:36:57.363,2208
2018-10-30 00:46:28.513,2224
2018-10-30 00:56:50.355,2276
2018-10-30 01:06:18.934,2197
2018-10-30 01:16:30.083,2221
2018-10-30 01:25:57.490,2022
2018-10-30 01:36:16.362,2369
2018-10-30 01:45:44.687,2116
2018-10-30 01:55:52.938,2258
2018-10-30 02:05:22.827,2196
2018-10-30 02:15:36.447,2319
2018-10-30 02:25:04.646,2201
2018-10-30 02:35:27.508,2250
2018-10-30 02:44:54.705,2175
2018-10-30 02:55:10.703,2233
2018-10-30 03:04:38.339,2469
2018-10-30 03:14:46.015,2243
2018-10-30 03:24:14.601,2144
2018-10-30 03:34:34.664,2135
2018-10-30 03:44:02.698,2160
2018-10-30 03:54:24.571,2232
2018-10-30 04:03:53.816,2123
2018-10-30 04:14:08.393,2176
2018-10-30 04:23:36.423,2231
2018-10-30 04:33:48.163,2212
2018-10-30 04:43:17.372,2140
2018-10-30 04:53:27.825,2231
2018-10-30 05:02:56.804,2130
2018-10-30 05:13:03.933,2184
2018-10-30 05:22:32.016,2120
2018-10-30 05:32:51.262,2221
2018-10-30 05:42:19.882,2070
2018-10-30 05:52:38.587,2239
2018-10-30 06:02:08.005,2078
2018-10-30 06:12:27.909,2150
2018-10-30 06:34:02.596,2358
2018-10-30 06:43:29.954,2444
2018-10-30 06:53:49.878,2555
2018-10-30 07:03:17.272,2568
2018-10-30 07:13:38.346,2355
2018-10-30 07:23:06.757,2015
2018-10-30 07:33:23.945,2105
2018-10-30 07:42:51.689,2238
2018-10-30 07:53:14.573,2255
2018-10-30 08:02:43.553,2216
2018-10-30 08:13:03.900,2212
2018-10-30 08:22:30.873,2415
2018-10-30 08:32:48.720,2579
2018-10-30 08:42:18.045,2422
2018-10-30 08:52:31.784,2556
2018-10-30 09:02:01.182,2521
2018-10-30 09:12:16.700,2538
2018-10-30 09:21:45.770,2207
2018-10-30 09:32:03.967,2358
2018-10-30 09:41:28.231,2510
2018-10-30 09:51:40.712,2663
2018-10-30 10:01:09.192,2667
2018-10-30 10:11:28.703,2624
2018-10-30 10:20:56.770,2523
2018-10-30 10:31:08.038,2569
2018-10-30 10:40:37.524,2474
2018-10-30 10:50:58.402,2689
2018-10-30 11:00:27.371,2901
2018-10-30 11:10:46.901,2957
2018-10-30 11:20:15.403,2084
2018-10-30 11:30:36.975,2112
2018-10-30 11:40:05.238,2502
2018-10-30 11:50:24.402,2793
2018-10-30 11:59:53.064,2657
2018-10-30 12:10:06.367,2256
2018-10-30 12:19:39.477,2839
2018-10-30 12:29:57.078,2543
2018-10-30 12:39:23.952,2598
2018-10-30 12:49:37.257,2511
2018-10-30 12:59:08.449,2495
2018-10-30 13:09:27.229,3016
2018-10-30 13:18:55.608,2498
2018-10-30 13:38:55.556,2410
2018-10-30 13:49:15.412,2750
2018-10-30 13:58:43.460,2524
2018-10-30 14:09:03.961,2558
2018-10-30 14:18:30.643,2405
2018-10-30 14:38:16.261,2566
2018-10-30 14:48:35.704,2563
2018-10-30 14:58:03.484,2769
2018-10-30 15:08:24.362,2934
2018-10-30 15:17:52.446,2890
2018-10-30 15:28:08.487,2985
2018-10-30 15:37:37.259,2653
2018-10-30 15:47:49.266,2662
2018-10-30 15:58:15.507,2412
2018-10-30 16:07:46.149,1923
2018-10-30 16:17:56.604,1758
2018-10-30 16:27:23.380,2861
2018-10-30 16:37:35.338,2446
2018-10-30 16:47:03.203,2418
2018-10-30 16:57:14.507,2315
2018-10-30 17:06:43.430,1749
2018-10-30 17:16:54.590,1535
2018-10-30 17:27:22.056,1592
2018-10-30 17:36:49.205,1449
2018-10-30 17:47:09.642,1659
2018-10-30 17:56:41.494,1406
2018-10-30 18:06:17.607,1614
2018-10-30 18:15:46.806,1860
2018-10-30 18:25:22.663,2498
2018-10-30 18:34:50.728,2223
2018-10-30 18:45:12.339,1857
2018-10-30 18:54:40.399,2786
2018-10-30 19:04:17.495,2797
2018-10-30 19:14:43.602,1652
2018-10-30 19:24:13.614,1612
2018-10-30 19:34:23.079,2576
2018-10-30 19:44:48.894,1645
2018-10-30 19:54:15.338,1613
2018-10-30 20:03:51.440,1611
2018-10-30 20:13:50.566,1652
2018-10-30 20:23:45.650,1719
2018-10-30 20:33:14.739,1918
2018-10-30 20:43:32.323,2601
2018-10-30 20:53:01.409,2593
2018-10-30 21:02:37.287,1895
2018-10-30 21:12:06.441,2567
2018-10-30 21:21:42.443,1910
2018-10-30 21:31:11.726,2949
2018-10-30 21:41:26.502,1483
2018-10-30 21:50:55.603,2282
2018-10-30 22:01:09.306,1531
2018-10-30 22:10:36.415,2249
2018-10-30 22:20:51.744,1686
2018-10-30 22:30:20.486,2556
2018-10-30 22:39:55.426,2567
2018-10-30 22:49:24.021,2454
2018-10-30 22:59:40.653,1774
2018-10-30 23:10:06.170,1738
2018-10-30 23:19:33.377,1527
2018-10-30 23:29:50.874,1504
2018-10-30 23:40:17.385,1926
2018-10-30 23:49:45.171,1812
2018-10-31 00:00:01.509,2549
2018-10-31 00:10:29.701,1919
2018-10-31 00:20:56.929,2561
2018-10-31 00:30:25.628,1921
2018-10-31 00:40:42.006,1659
2018-10-31 00:50:11.235,1916
2018-10-31 01:00:28.551,1883
2018-10-31 01:09:58.462,2979
2018-10-31 01:19:37.310,1837
2018-10-31 01:30:02.219,2186
2018-10-31 01:39:58.966,2817
2018-10-31 01:49:36.163,2888
2018-10-31 01:59:21.127,2535
2018-10-31 02:09:48.797,2777
2018-10-31 02:19:17.467,2226
2018-10-31 02:29:26.947,2129
2018-10-31 02:38:54.925,2126
2018-10-31 02:49:09.710,1987
2018-10-31 02:59:36.421,2110
2018-10-31 03:09:02.369,2609
2018-10-31 03:19:24.214,2434
2018-10-31 03:28:52.965,2834
2018-10-31 03:39:07.627,2476
2018-10-31 03:48:34.678,1825
2018-10-31 03:58:50.464,1909
2018-10-31 04:08:18.051,1872
2018-10-31 04:18:27.817,1785
2018-10-31 04:27:56.297,1661
2018-10-31 04:38:08.294,1674
2018-10-31 04:47:37.035,2840
2018-10-31 04:57:51.307,3048
2018-10-31 05:07:20.877,2493
2018-10-31 05:17:34.938,1841
2018-10-31 05:27:02.545,2115
2018-10-31 05:37:13.425,1765
2018-10-31 05:46:41.502,2477
2018-10-31 05:56:53.548,1888
2018-10-31 06:06:21.780,1964
2018-10-31 06:16:36.085,2455
2018-10-31 06:26:03.549,1907
2018-10-31 06:36:27.329,1923
2018-10-31 06:45:57.000,1917
2018-10-31 06:56:15.339,2843
2018-10-31 07:05:46.542,1801
2018-10-31 07:15:55.682,2824
2018-10-31 07:25:24.774,2337
2018-10-31 07:35:39.654,2957
2018-10-31 07:45:08.319,2871
2018-10-31 07:55:28.327,2981
2018-10-31 08:04:56.593,2506
2018-10-31 08:15:09.305,3001
2018-10-31 08:24:37.171,2256
2018-10-31 08:34:52.193,2878
2018-10-31 08:44:20.518,2476
2018-10-31 08:54:39.693,2753
2018-10-31 09:04:08.323,1891
2018-10-31 09:14:16.017,2500
2018-10-31 09:23:45.255,2849
2018-10-31 09:33:54.062,2048
2018-10-31 09:43:23.401,2726
2018-10-31 09:53:36.572,2201
2018-10-31 10:03:05.368,2624
2018-10-31 10:13:28.243,2701
2018-10-31 10:22:57.243,2429
2018-10-31 10:33:06.240,2697
2018-10-31 10:42:35.340,2763
2018-10-31 10:52:44.696,2606
2018-10-31 11:02:12.405,2196
2018-10-31 11:12:29.817,2074
2018-10-31 11:21:57.610,1954
2018-10-31 11:32:08.827,2128
2018-10-31 11:41:37.373,1964
2018-10-31 11:51:56.018,2401
2018-10-31 12:01:24.603,2115
2018-10-31 12:11:32.360,2352
2018-10-31 12:21:00.478,2266
2018-10-31 12:31:21.256,2604
2018-10-31 12:40:47.420,2350
2018-10-31 12:51:09.380,2475
2018-10-31 13:00:37.065,2277
2018-10-31 13:11:00.213,2394
2018-10-31 13:30:45.735,2553
2018-10-31 13:50:34.022,2547
2018-10-31 14:00:06.906,2306
2018-10-31 14:10:29.704,2373
2018-10-31 14:19:59.535,2431
2018-10-31 14:30:20.984,2495
2018-10-31 14:39:52.609,2412
2018-10-31 14:50:13.098,2418
2018-10-31 14:59:43.737,2443
2018-10-31 15:10:01.552,2413
2018-10-31 15:19:34.202,2375
2018-10-31 15:29:53.575,2423
2018-10-31 15:39:25.011,2359
2018-10-31 15:49:41.785,2496
2018-10-31 15:59:10.754,2377
2018-10-31 16:09:19.012,2400
2018-10-31 16:18:48.875,2413
2018-10-31 16:29:02.683,2281
2018-10-31 16:38:33.796,2348
2018-10-31 16:48:56.499,2605
2018-10-31 16:58:26.655,2485
2018-10-31 17:08:37.864,2267
2018-10-31 17:24:03.061,2183
2018-10-31 17:33:33.289,2411
2018-10-31 17:43:47.454,2305
2018-10-31 17:53:15.511,2211
2018-10-31 18:03:41.411,2268
2018-10-31 18:13:09.587,2194
2018-10-31 18:23:35.167,2508
2018-10-31 18:33:05.234,2291
2018-10-31 18:43:14.884,2383
2018-10-31 18:52:42.600,2590
2018-10-31 19:03:07.918,2170
2018-10-31 19:12:39.495,2629
2018-10-31 19:22:44.963,2585
2018-10-31 19:32:14.597,2108
2018-10-31 19:42:33.228,2343
2018-10-31 19:52:01.954,2049
2018-10-31 20:02:11.239,2403
2018-10-31 20:11:39.470,2429
2018-10-31 20:22:05.082,2457
2018-10-31 20:31:33.930,2745
2018-10-31 20:41:54.431,2241
2018-10-31 20:51:22.401,2623
2018-10-31 21:01:33.240,2350
2018-10-31 21:11:02.687,2286
2018-10-31 21:21:20.010,2354
2018-10-31 21:30:47.694,2957
2018-10-31 21:40:59.511,2967
2018-10-31 21:50:29.334,2744
2018-10-31 22:00:54.405,2957
2018-10-31 22:10:23.439,3029
2018-10-31 22:20:41.035,3054
2018-10-31 22:30:08.270,2792
2018-10-31 22:40:27.314,2802
2018-10-31 22:49:55.843,2795
2018-10-31 23:00:05.125,2791
2018-10-31 23:09:34.684,2790
2018-10-31 23:19:44.952,2407
2018-10-31 23:29:12.903,2478
2018-10-31 23:39:37.971,2945
2018-10-31 23:49:06.432,2481
2018-10-31 23:59:16.544,2680
