2018-04-27 09:47:02.351,93.703125
2018-04-27 09:49:34.297,88.800781
2018-04-27 09:50:36.169,96.550781
2018-04-27 10:02:58.294,81.074219
2018-04-27 10:08:59.295,87.78125
2018-04-27 17:59:45.073,86.632813
2018-04-27 18:07:10.675,92.753906
2018-04-27 18:17:36.832,93.070313
2018-04-30 13:06:35.597,90.539063
2018-04-30 13:07:34.412,90.382813
2018-04-30 13:17:59.018,88.957031
2018-04-30 13:27:58.100,88.066406
2018-04-30 13:37:58.454,87.492188
2018-04-30 13:58:00.672,86.777344
2018-04-30 14:07:58.056,86.632813
2018-04-30 14:18:02.233,86.488281
2018-04-30 14:27:58.994,86.34375
2018-04-30 14:47:59.702,86.203125
2018-04-30 14:57:59.208,86.203125
2018-04-30 15:07:59.997,86.203125
2018-04-30 15:28:00.335,86.203125
2018-04-30 15:37:57.919,86.203125
2018-04-30 15:47:59.356,86.203125
2018-04-30 15:57:58.741,86.203125
2018-04-30 16:08:00.108,86.203125
2018-04-30 16:18:00.909,86.203125
2018-04-30 16:27:59.334,86.203125
2018-05-01 11:13:15.095,81.726563
2018-05-01 11:14:35.105,80.421875
2018-05-01 11:25:00.688,80.421875
2018-05-01 11:35:01.014,80.09375
2018-05-01 11:45:00.653,79.769531
2018-05-01 11:55:00.959,79.441406
2018-05-01 12:05:34.481,78.953125
2018-05-01 12:15:34.823,78.464844
2018-05-01 12:25:16.737,77.8125
2018-05-01 12:41:26.066,76.832031
2018-05-01 12:45:35.807,76.507813
2018-05-01 12:55:00.339,76.179688
2018-05-01 13:06:41.134,75.527344
2018-05-01 13:15:17.059,75.039063
2018-05-01 13:33:02.827,73.890625
2018-05-01 13:35:00.909,73.890625
2018-05-01 13:44:58.453,73.398438
2018-05-01 13:54:59.606,73.070313
2018-05-01 14:04:58.615,72.742188
2018-05-01 14:14:58.740,72.25
2018-05-01 14:24:58.533,71.757813
2018-05-01 14:34:58.907,71.429688
2018-05-01 14:44:59.327,70.9375
2018-05-01 14:54:59.583,70.445313
2018-05-01 15:04:58.633,70.117188
2018-05-01 15:14:58.390,69.625
2018-05-01 15:24:59.064,69.132813
2018-05-01 15:34:58.987,68.804688
2018-05-01 15:44:58.941,68.3125
2018-05-01 15:54:59.816,67.878906
2018-05-01 16:04:59.233,67.589844
2018-05-01 16:14:58.196,67.15625
2018-05-01 16:25:00.461,66.867188
2018-05-01 16:34:58.173,66.433594
2018-05-01 16:44:57.877,66.144531
2018-05-01 16:54:58.236,65.710938
2018-05-01 17:04:57.843,65.421875
2018-05-01 17:15:00.726,64.988281
2018-05-01 17:24:58.265,64.554688
2018-05-01 17:34:58.628,64.265625
2018-05-01 17:44:59.605,63.83203100000001
2018-05-01 17:54:58.319,63.398438
2018-05-01 18:04:57.857,62.96484399999999
2018-05-01 18:14:58.289,62.53125
2018-05-01 18:24:57.940,62.09765600000001
2018-05-01 18:34:57.713,61.664063
2018-05-01 18:46:16.269,59.476563
2018-05-01 18:56:42.951,59.476563
2018-05-01 19:06:42.811,59.476563
2018-05-01 19:16:42.144,59.16015600000001
2018-05-01 19:26:41.211,59.79296899999999
2018-05-01 19:36:41.675,60.42578100000001
2018-05-01 19:46:42.414,60.42578100000001
2018-05-01 19:56:41.990,60.109375
2018-05-01 20:06:41.852,59.476563
2018-05-01 20:16:41.111,58.84375
2018-05-01 20:26:42.803,58.210938
2018-05-01 20:36:41.025,57.578125
2018-05-01 20:46:41.822,56.62890600000001
2018-05-01 20:56:41.069,55.99609399999999
2018-05-01 21:06:41.461,55.046875
2018-05-01 21:16:41.784,54.414063
2018-05-01 21:26:41.459,53.78125
2018-05-01 21:36:41.640,53.46484399999999
2018-05-01 21:46:40.363,52.695313
2018-05-01 21:56:42.704,52.3125
2018-05-01 22:06:42.027,51.546875
2018-05-01 22:16:41.147,51.160156
2018-05-01 22:26:41.773,50.394531
2018-05-01 22:36:40.365,49.625
2018-05-01 22:46:42.038,49.242188
2018-05-01 22:56:40.978,48.476563
2018-05-01 23:06:40.759,47.324219
2018-05-01 23:16:46.205,46.503906
2018-05-01 23:26:44.697,45.6875
2018-05-01 23:36:44.832,45.277344
2018-05-01 23:46:44.745,44.867188
2018-05-01 23:56:41.023,44.050781
2018-05-02 00:06:41.133,43.230469
2018-05-02 00:16:40.431,42.414063
2018-05-02 00:26:40.851,41.1875
2018-05-02 00:36:41.031,40.105469
2018-05-02 00:46:40.828,39.023438
2018-05-02 00:56:40.430,37.941406
2018-05-02 01:06:40.749,36.5
2018-05-02 01:16:40.779,35.421875
2018-05-02 01:26:40.139,33.839844
2018-05-02 01:36:40.459,32.121094
2018-05-02 01:46:40.720,30.402344
2018-05-02 01:56:40.423,28.683594
2018-05-02 02:06:39.987,26.535156
2018-05-02 02:16:40.082,24.816406
2018-05-02 02:26:40.071,23.097656
2018-05-02 02:36:40.762,21.378906
2018-05-02 02:46:40.711,19.3125
2018-05-02 02:56:40.411,17.761719
2018-05-02 03:06:40.219,16.726563
2018-05-02 03:16:40.690,16.46875
2018-05-02 03:26:40.176,16.207031
2018-05-02 03:36:40.444,15.171875
2018-05-02 03:46:40.072,13.878906
2018-05-02 03:56:39.187,13.101563
2018-05-02 04:06:40.148,13.363281
2018-05-02 04:16:38.600,11.808594
2018-05-02 04:26:40.208,9.222656
2018-05-02 04:41:40.471,7.472656
2018-05-02 04:47:02.932,22.667969
2018-05-02 04:57:34.492,22.667969
2018-05-02 05:08:00.462,23.097656
2018-05-02 05:18:04.604,22.667969
2018-05-02 05:28:30.222,22.667969
2018-05-02 05:38:30.491,21.378906
2018-05-02 05:48:30.179,19.054688
2018-05-02 05:58:29.840,16.726563
2018-05-02 06:08:50.299,20.949219
2018-05-02 06:19:15.885,21.378906
2018-05-02 06:39:15.335,21.808594
2018-05-02 06:49:15.602,21.808594
2018-05-02 06:59:15.269,21.808594
2018-05-02 07:09:16.790,21.808594
2018-05-02 07:19:17.013,21.378906
2018-05-02 07:29:16.264,21.378906
2018-05-02 07:39:15.340,21.378906
2018-05-02 07:49:15.881,21.378906
2018-05-02 07:59:14.697,22.238281
2018-05-02 08:09:15.476,23.097656
2018-05-02 08:19:15.677,24.386719
2018-05-02 08:39:15.255,27.824219
2018-05-02 08:49:14.974,29.972656
2018-05-02 08:59:15.285,32.121094
2018-05-02 09:09:15.009,34.699219
2018-05-02 09:39:16.069,42.824219
2018-05-02 09:49:14.961,45.6875
2018-05-02 09:59:15.231,48.859375
2018-05-02 10:09:15.955,51.929688
2018-05-02 10:19:14.750,55.046875
2018-05-02 10:29:15.363,58.210938
2018-05-02 10:39:16.251,61.375
2018-05-02 10:49:14.977,64.410156
2018-05-02 10:59:16.791,67.011719
2018-05-02 11:09:15.013,69.625
2018-05-02 11:19:15.969,72.25
2018-05-02 11:29:15.017,75.203125
2018-05-02 11:39:15.024,78.464844
2018-05-02 11:49:17.570,81.5625
2018-05-02 11:59:13.452,84.335938
2018-05-02 12:09:15.023,86.34375
2018-05-02 12:19:14.745,87.636719
2018-05-02 12:29:14.341,86.632813
2018-05-02 12:49:15.637,83.847656
2018-05-02 12:59:14.794,82.867188
2018-05-02 13:09:16.928,82.214844
2018-05-02 13:19:15.204,81.890625
2018-05-02 13:29:14.507,81.398438
2018-05-02 13:39:15.281,81.238281
2018-05-02 13:49:14.989,82.214844
2018-05-02 13:59:13.305,82.542969
2018-05-02 14:09:14.495,82.378906
2018-05-02 14:19:15.695,82.214844
2018-05-02 14:29:15.444,82.050781
2018-05-02 14:39:14.263,81.890625
2018-05-02 14:49:13.755,81.890625
2018-05-02 14:59:14.782,81.726563
2018-05-02 15:09:15.375,81.726563
2018-05-02 15:19:14.090,81.726563
2018-05-02 15:29:14.529,81.726563
2018-05-02 15:39:13.982,81.726563
2018-05-02 15:49:14.651,82.542969
2018-05-02 15:59:15.142,83.519531
2018-05-02 16:09:14.427,84.480469
2018-05-02 16:19:14.139,85.339844
2018-05-02 16:29:14.300,86.203125
2018-05-02 16:39:14.027,86.632813
2018-05-02 16:49:14.164,87.207031
2018-05-02 16:59:14.035,87.351563
2018-05-02 17:09:13.616,87.492188
2018-05-02 17:19:14.007,87.636719
2018-05-02 17:29:13.594,87.636719
2018-05-02 17:39:14.823,87.351563
2018-05-02 17:49:13.674,87.0625
2018-05-02 17:59:12.687,86.917969
2018-05-02 18:09:13.088,86.777344
2018-05-02 18:19:13.478,86.632813
2018-05-02 18:29:13.656,86.488281
2018-05-02 18:39:14.487,86.488281
2018-05-02 18:49:14.232,86.34375
2018-05-02 18:59:13.776,86.34375
2018-05-02 19:09:14.104,86.203125
2018-05-02 19:19:13.451,86.058594
2018-05-02 19:29:14.188,85.628906
2018-05-02 19:39:13.404,85.054688
2018-05-02 19:49:13.622,84.621094
2018-05-02 19:59:13.387,84.007813
2018-05-02 20:09:13.172,83.519531
2018-05-02 20:19:13.387,82.867188
2018-05-02 20:29:13.065,82.378906
2018-05-02 20:39:13.334,81.890625
2018-05-02 20:49:13.695,81.5625
2018-05-02 20:59:13.383,81.074219
2018-05-02 21:09:14.346,80.746094
2018-05-02 21:19:16.899,80.257813
2018-05-02 21:29:13.404,79.769531
2018-05-02 21:39:13.400,79.441406
2018-05-02 21:49:13.832,78.953125
2018-05-02 21:59:13.288,78.300781
2018-05-02 22:09:13.142,75.527344
2018-05-02 22:19:12.722,75.367188
2018-05-02 22:29:13.091,73.398438
2018-05-02 22:39:12.787,69.789063
2018-05-03 01:14:57.900,76.34375
2018-05-03 01:25:22.931,76.019531
2018-05-03 01:35:23.630,75.691406
2018-05-03 01:45:22.018,75.203125
2018-05-03 01:55:22.356,74.875
2018-05-03 02:05:21.023,74.546875
2018-05-03 02:15:22.327,74.21875
2018-05-03 02:25:22.716,73.890625
2018-05-03 02:35:22.356,73.5625
2018-05-03 02:45:21.211,73.398438
2018-05-03 02:55:22.683,73.070313
2018-05-03 03:05:23.308,72.742188
2018-05-03 03:15:22.438,72.578125
2018-05-03 03:25:23.305,72.25
2018-05-03 03:35:22.316,71.921875
2018-05-03 03:45:22.415,71.757813
2018-05-03 03:55:22.310,71.429688
2018-05-03 04:05:22.028,71.265625
2018-05-03 04:15:22.255,70.9375
2018-05-03 04:25:21.923,70.609375
2018-05-03 04:35:22.238,70.28125
2018-05-03 04:45:22.412,69.953125
2018-05-03 04:55:21.698,69.625
2018-05-03 05:05:22.111,69.296875
2018-05-03 05:15:21.044,68.96875
2018-05-03 05:25:21.526,68.640625
2018-05-03 05:35:21.986,68.3125
2018-05-03 05:45:21.399,67.878906
2018-05-03 05:55:21.223,67.589844
2018-05-03 06:05:21.379,67.15625
2018-05-03 06:15:22.737,66.867188
2018-05-03 06:25:22.174,66.578125
2018-05-03 06:35:20.451,66.144531
2018-05-03 06:45:20.669,65.855469
2018-05-03 06:55:21.239,65.421875
2018-05-03 07:05:21.406,65.132813
2018-05-03 07:15:21.741,64.699219
2018-05-03 07:25:19.755,64.265625
2018-05-03 07:35:21.080,63.83203100000001
2018-05-03 07:45:22.097,63.54296899999999
2018-05-03 07:55:21.082,63.25390600000001
2018-05-03 08:05:22.049,63.398438
2018-05-03 08:15:21.078,63.6875
2018-05-03 08:25:21.355,64.410156
2018-05-03 08:35:21.024,65.421875
2018-05-03 08:45:21.388,66.433594
2018-05-03 08:55:19.894,67.589844
2018-05-03 09:05:19.574,68.96875
2018-05-03 09:15:23.014,69.953125
2018-05-03 09:25:23.192,71.757813
2018-05-03 09:45:23.342,75.527344
2018-05-03 09:55:21.449,77.484375
2018-05-03 10:05:22.508,79.441406
2018-05-03 10:15:21.065,81.5625
2018-05-03 10:25:19.472,83.847656
2018-05-03 10:35:20.391,85.769531
2018-05-03 10:45:20.689,84.171875
2018-05-03 10:55:20.401,83.03125
2018-05-03 11:05:21.367,82.214844
2018-05-03 11:15:21.010,81.5625
2018-05-03 11:25:22.130,81.238281
2018-05-03 11:35:21.533,80.910156
2018-05-03 11:45:20.672,80.585938
2018-05-03 11:55:19.780,80.421875
2018-05-03 12:05:21.068,80.257813
2018-05-03 12:15:19.147,80.257813
2018-05-03 12:35:19.156,81.5625
2018-05-03 12:45:20.391,81.398438
2018-05-03 12:55:22.611,81.238281
2018-05-03 13:05:20.568,81.238281
2018-05-03 13:15:20.378,81.074219
2018-05-03 13:25:18.926,81.074219
2018-05-03 13:35:21.106,80.910156
2018-05-03 13:45:21.243,80.910156
2018-05-03 13:55:20.455,80.910156
2018-05-03 14:05:19.799,80.910156
2018-05-03 14:15:20.416,80.910156
2018-05-03 14:25:20.685,80.746094
2018-05-03 14:35:19.808,80.746094
2018-05-03 14:45:21.559,80.746094
2018-05-03 14:55:19.886,80.746094
2018-05-03 15:05:19.383,80.746094
2018-05-03 15:15:20.431,80.746094
2018-05-03 15:25:20.719,80.746094
2018-05-03 15:35:20.854,80.746094
2018-05-03 15:45:20.031,80.746094
2018-05-03 15:55:19.129,80.746094
2018-05-03 16:05:18.971,80.746094
2018-05-03 16:15:20.650,80.746094
2018-05-03 16:25:19.672,80.746094
2018-05-03 16:35:20.789,80.746094
2018-05-03 16:45:18.724,80.746094
2018-05-03 16:55:19.803,80.746094
2018-05-03 17:05:21.145,80.746094
2018-05-03 17:15:18.231,80.746094
2018-05-03 17:25:18.667,80.746094
2018-05-03 17:35:19.027,80.746094
2018-05-03 17:45:19.447,80.746094
2018-05-03 17:55:19.928,80.746094
2018-05-03 18:05:19.459,80.746094
2018-05-03 18:15:20.007,80.746094
2018-05-03 18:25:19.376,80.746094
2018-05-03 18:35:18.094,81.238281
2018-05-03 18:45:18.114,82.542969
2018-05-03 18:55:19.097,83.683594
2018-05-03 19:05:22.159,84.765625
2018-05-03 19:15:19.656,85.628906
2018-05-03 19:35:20.168,86.058594
2018-05-03 19:45:19.935,85.339844
2018-05-03 19:55:20.184,84.480469
2018-05-03 20:05:19.200,83.683594
2018-05-03 20:35:20.803,81.5625
2018-05-03 20:45:19.750,80.910156
2018-05-03 20:55:19.197,79.933594
2018-05-03 21:05:19.715,77.160156
2018-05-03 21:15:17.833,73.5625
2018-05-03 21:25:20.598,68.167969
2018-05-03 21:35:20.525,63.83203100000001
2018-05-03 21:45:18.842,61.05859399999999
2018-05-03 21:55:19.096,62.53125
2018-05-03 22:05:21.940,62.67578100000001
2018-05-03 22:15:20.426,64.699219
2018-05-03 22:25:18.908,64.554688
2018-05-03 22:35:17.982,67.300781
2018-05-03 22:45:17.298,68.96875
2018-05-03 22:55:19.040,69.460938
2018-05-03 23:05:20.072,68.167969
2018-05-03 23:15:19.463,67.300781
2018-08-28 12:17:38.359,94.652344
2018-08-28 12:21:45.735,89.117188
2018-08-28 12:25:41.305,92.753906
2018-08-28 12:36:06.966,92.914063
2018-08-28 12:46:04.295,92.914063
2018-08-28 12:56:05.012,92.753906
2018-08-28 13:06:07.204,92.4375
2018-08-28 13:16:04.454,91.964844
2018-08-28 13:26:04.381,91.648438
2018-08-28 13:36:05.320,91.171875
2018-08-28 13:46:06.277,90.699219
2018-09-05 11:25:20.794,90.222656
2018-09-14 09:59:56.898,87.207031
2018-09-14 11:58:09.805,87.78125
2018-09-14 12:08:33.675,88.066406
2018-09-14 12:18:34.713,88.066406
2018-09-14 12:28:35.406,87.925781
2018-09-14 12:38:34.760,87.78125
2018-09-14 12:48:34.708,87.351563
2018-09-14 12:58:33.465,87.0625
2018-09-14 13:08:34.048,86.632813
2018-09-14 13:18:34.625,86.203125
2018-09-14 13:28:34.890,85.769531
2018-09-14 17:48:09.584,85.484375
2018-09-14 17:58:32.980,85.054688
2018-09-14 18:08:33.493,84.765625
2018-09-14 18:18:34.940,84.335938
2018-09-14 18:28:34.582,83.847656
2018-09-14 18:38:33.338,83.355469
2018-09-14 18:48:33.884,83.03125
2018-09-14 18:58:33.012,82.542969
2018-09-14 19:08:34.486,82.050781
2018-09-14 19:18:33.388,81.5625
2018-09-14 19:28:33.877,81.074219
2018-09-14 19:38:33.191,80.585938
2018-09-14 19:48:32.801,80.09375
2018-09-14 19:58:32.991,79.605469
2018-09-14 20:08:32.628,79.117188
2018-09-14 20:18:32.973,78.628906
2018-09-14 20:28:32.579,78.136719
2018-09-14 20:38:33.463,77.648438
2018-09-14 20:48:34.884,77.160156
2018-09-14 20:58:33.814,76.671875
2018-09-14 21:08:33.343,76.34375
2018-09-14 21:18:32.317,75.855469
2018-09-14 21:28:33.190,75.367188
2018-09-14 21:38:32.931,74.875
2018-09-14 21:48:32.675,74.382813
2018-09-14 21:58:34.321,73.890625
2018-09-14 22:08:32.351,73.5625
2018-09-14 22:18:32.335,73.070313
2018-09-14 22:28:32.388,72.578125
2018-09-14 22:38:32.682,72.085938
2018-09-14 22:48:34.038,71.757813
2018-09-14 22:58:32.353,71.265625
2018-09-14 23:08:32.665,70.773438
2018-09-14 23:18:32.428,70.28125
2018-09-14 23:28:33.857,69.953125
2018-09-14 23:38:32.295,69.460938
2018-09-14 23:48:31.956,68.96875
2018-09-14 23:58:31.679,68.640625
2018-09-15 00:08:32.916,68.167969
2018-09-15 00:18:32.842,67.734375
2018-09-15 00:28:31.943,67.300781
2018-09-15 00:38:48.424,66.867188
2018-09-15 00:48:32.004,66.433594
2018-09-15 00:58:32.306,66.0
2018-09-15 01:08:33.039,65.566406
2018-09-15 01:18:33.342,65.132813
2018-09-15 01:28:34.132,64.699219
2018-09-15 01:38:32.097,64.265625
2018-09-15 01:48:31.633,63.6875
2018-09-15 01:58:33.731,63.25390600000001
2018-09-15 02:08:31.806,62.820313
2018-09-15 02:18:31.450,62.38671899999999
2018-09-15 02:28:32.461,61.953125
2018-09-15 02:38:33.955,61.51953100000001
2018-09-15 02:48:48.762,61.05859399999999
2018-09-15 02:58:32.730,60.742188
2018-09-15 03:08:33.697,60.109375
2018-09-15 03:18:30.786,59.476563
2018-09-15 03:28:49.063,58.84375
2018-09-15 03:38:30.866,58.210938
2018-09-15 03:48:33.047,57.578125
2018-09-15 03:58:32.095,56.62890600000001
2018-09-15 04:08:31.464,55.99609399999999
2018-09-15 04:18:32.477,55.36328100000001
2018-09-15 04:28:33.043,54.73046899999999
2018-09-15 04:38:48.109,54.09765600000001
2018-09-15 04:48:31.845,53.46484399999999
2018-09-15 04:58:32.519,52.695313
2018-09-15 05:08:31.557,52.3125
2018-09-15 05:18:32.734,51.546875
2018-09-15 05:28:33.050,50.777344
2018-09-15 05:38:32.706,50.394531
2018-09-15 05:48:33.039,49.625
2018-09-15 05:58:33.065,48.859375
2018-09-15 06:08:30.505,48.476563
2018-09-15 06:18:32.736,47.707031
2018-09-15 06:28:31.824,46.914063
2018-09-15 06:38:32.073,46.503906
2018-09-15 06:48:48.590,45.6875
2018-09-15 06:58:32.732,45.277344
2018-09-15 07:08:32.551,44.460938
2018-09-15 07:18:32.559,44.050781
2018-09-15 07:28:32.511,43.230469
2018-09-15 07:38:30.961,42.824219
2018-09-15 07:48:30.696,42.414063
2018-09-15 07:58:30.430,41.59375
2018-09-15 08:08:32.612,41.1875
2018-09-15 08:18:32.635,40.464844
2018-09-15 08:28:31.051,40.105469
2018-09-15 08:38:32.742,39.382813
2018-09-15 08:48:30.620,39.023438
2018-09-15 08:58:32.313,38.304688
2018-09-15 09:08:30.690,37.941406
2018-09-15 09:18:32.472,37.582031
2018-09-15 09:28:32.531,37.222656
2018-09-15 09:38:30.634,37.222656
2018-09-15 09:48:31.983,37.222656
2018-09-15 09:58:30.881,37.222656
2018-09-15 10:08:32.121,37.222656
2018-09-15 10:18:30.752,37.222656
2018-09-15 10:28:31.193,37.222656
2018-09-15 10:38:30.827,37.222656
2018-09-15 10:48:30.867,37.222656
2018-09-15 10:58:32.275,37.222656
2018-09-15 11:08:33.112,36.863281
2018-09-15 11:18:30.369,36.5
2018-09-15 11:28:32.046,35.78125
2018-09-15 11:38:31.706,35.421875
2018-09-15 11:48:34.322,35.058594
2018-09-15 11:58:31.623,34.699219
2018-09-15 12:08:33.168,33.839844
2018-09-15 12:18:30.472,33.410156
2018-09-15 12:28:30.501,32.980469
2018-09-15 12:38:29.997,32.550781
2018-09-15 12:48:30.010,32.121094
2018-09-15 12:58:31.998,31.691406
2018-09-15 13:08:32.061,31.261719
2018-09-15 13:18:32.758,30.402344
2018-09-15 13:28:30.030,29.972656
2018-09-15 13:38:32.311,29.542969
2018-09-15 13:48:29.985,29.113281
2018-09-15 13:58:31.157,28.683594
2018-09-15 14:08:31.238,28.683594
2018-09-15 14:18:30.779,28.683594
2018-09-15 14:28:31.276,29.113281
2018-09-15 14:38:31.403,29.972656
2018-09-15 14:48:30.427,31.261719
2018-09-15 14:58:30.855,32.550781
2018-09-15 15:08:33.111,32.550781
2018-09-15 15:18:31.639,32.550781
2018-09-15 15:28:30.225,32.980469
2018-09-15 15:38:33.346,32.980469
2018-09-15 15:48:31.018,32.980469
2018-09-15 15:58:29.414,33.410156
2018-09-15 16:08:30.408,33.839844
2018-09-15 16:18:30.543,35.058594
2018-09-15 16:28:31.140,37.222656
2018-09-15 16:38:31.815,39.746094
2018-09-15 16:48:29.818,41.1875
2018-09-15 16:58:29.645,42.003906
2018-09-15 17:08:30.664,42.414063
2018-09-15 17:18:30.299,42.824219
2018-09-15 17:28:29.682,43.230469
2018-09-15 17:38:30.437,43.640625
2018-09-15 17:48:31.713,43.640625
2018-09-15 17:58:30.799,43.230469
2018-09-15 18:08:29.453,43.230469
2018-09-15 18:18:33.228,42.824219
2018-09-15 18:28:32.677,42.824219
2018-09-15 18:38:32.667,42.414063
2018-09-15 18:48:32.510,42.003906
2018-09-15 18:58:32.493,41.59375
2018-09-15 19:08:35.184,41.1875
2018-09-15 19:18:32.385,40.464844
2018-09-15 19:28:32.049,39.746094
2018-09-15 19:38:36.601,39.023438
2018-09-15 19:48:32.063,38.664063
2018-09-15 19:58:32.059,37.941406
2018-09-15 20:08:32.384,37.222656
2018-09-15 20:28:32.824,36.140625
2018-09-15 20:38:32.615,35.78125
2018-09-15 20:48:32.531,35.058594
2018-09-15 20:58:49.541,34.699219
2018-09-15 21:08:32.573,34.269531
2018-09-15 21:18:48.767,33.839844
2018-09-15 21:28:32.232,33.410156
2018-09-15 21:38:49.401,32.980469
2018-09-15 21:48:31.447,32.121094
2018-09-15 21:58:32.020,31.691406
2018-09-15 22:08:32.970,31.261719
2018-09-15 22:18:31.684,30.832031
2018-09-15 22:28:48.434,30.402344
2018-09-15 22:38:31.647,29.972656
2018-09-15 22:48:31.749,29.542969
2018-09-15 23:08:34.592,28.253906
2018-09-15 23:18:32.172,27.824219
2018-09-15 23:28:31.178,27.394531
2018-09-15 23:38:32.736,26.535156
2018-09-15 23:48:32.282,26.105469
2018-09-15 23:58:31.149,25.675781
2018-09-16 00:08:32.020,25.246094
2018-09-16 00:28:32.113,23.957031
2018-09-16 00:38:30.981,23.527344
2018-09-16 00:48:32.676,23.097656
2018-09-16 01:18:30.433,21.378906
2018-09-16 01:38:31.229,20.089844
2018-09-16 01:48:30.016,19.574219
2018-09-16 01:58:30.651,19.054688
2018-09-16 02:08:29.921,18.796875
2018-09-16 02:18:30.918,18.277344
2018-09-16 02:28:28.970,17.761719
2018-09-16 02:38:30.062,17.503906
2018-09-16 02:48:29.783,17.242188
2018-09-16 02:58:31.001,16.726563
2018-09-16 03:18:31.138,16.207031
2018-09-16 03:28:57.758,15.691406
2018-09-16 03:38:30.960,15.433594
2018-09-16 03:58:29.774,14.65625
2018-09-16 04:18:40.127,13.621094
2018-09-16 04:28:29.693,13.363281
2018-09-16 04:38:27.022,12.84375
2018-09-16 04:48:46.508,12.328125
2018-09-16 04:58:45.484,11.808594
2018-09-16 05:08:28.549,11.292969
2018-09-16 05:18:28.615,10.773438
2018-09-16 05:28:46.436,10.257813
2018-09-16 05:38:29.533,9.738281
2018-09-16 06:08:27.933,8.089844
2018-09-16 06:18:44.080,7.597656
2018-09-16 06:28:29.759,7.2265630000000005
2018-09-16 06:38:28.782,6.859375
2018-09-16 06:48:45.698,6.613281
2018-09-16 07:08:43.949,6.121094
2018-09-16 07:18:30.175,5.996094
2018-09-16 07:28:30.388,5.828125
2018-09-16 07:38:33.335,5.65625
2018-09-16 07:48:44.599,5.488281
2018-09-16 07:58:30.111,5.402344
2018-09-16 08:08:31.951,5.148438
2018-09-16 08:18:30.427,4.976563
2018-09-16 08:38:28.820,4.210938
2018-09-16 08:48:30.819,3.703125
2018-09-16 08:58:30.495,2.9375
2018-09-16 09:08:26.105,2.34375
2018-09-16 09:18:28.540,2.230469
2018-09-16 09:28:27.022,2.3125
2018-09-16 09:38:26.686,2.683594
2018-09-16 09:48:26.880,3.53125
2018-09-16 09:58:28.615,4.808594
2018-09-16 10:08:26.636,6.488281
2018-09-16 10:18:29.842,7.964844
2018-09-16 10:48:31.292,12.585938
2018-09-16 10:58:29.976,14.65625
2018-09-16 11:08:29.387,17.242188
2018-09-16 11:18:29.620,19.832031
2018-09-16 11:28:35.035,22.667969
2018-09-16 11:48:28.903,28.253906
2018-09-16 12:08:29.452,33.410156
2018-09-16 12:18:29.983,35.78125
2018-09-16 12:28:28.957,37.941406
2018-09-16 12:38:29.477,40.464844
2018-09-16 12:48:29.841,42.824219
2018-09-16 12:58:46.775,45.6875
2018-09-16 13:08:28.066,48.089844
2018-09-16 13:18:27.373,51.160156
2018-09-16 13:28:30.839,54.09765600000001
2018-09-16 13:38:30.218,57.26171899999999
2018-09-16 13:48:29.945,60.742188
2018-09-16 13:58:29.520,63.976563
2018-09-16 14:08:29.397,66.867188
2018-09-16 14:18:27.504,69.132813
2018-09-16 14:28:26.667,70.9375
2018-09-16 14:38:29.540,72.25
2018-09-16 14:48:28.830,72.742188
2018-09-16 14:58:25.136,72.25
2018-09-16 15:08:29.507,71.757813
2018-09-16 15:18:29.637,71.265625
2018-09-16 15:28:58.480,70.773438
2018-09-16 15:38:29.615,70.445313
2018-09-16 15:48:25.971,69.953125
2018-09-16 15:58:27.132,69.625
2018-09-16 16:08:26.256,69.132813
2018-09-16 16:18:28.000,68.640625
2018-09-16 16:28:27.021,68.3125
2018-09-16 16:38:26.108,67.878906
2018-09-16 16:48:26.301,67.589844
2018-09-16 16:58:27.315,67.15625
2018-09-16 17:08:25.721,66.867188
2018-09-16 17:18:26.936,66.578125
2018-09-16 17:28:25.309,66.144531
2018-09-16 17:48:25.386,70.28125
2018-09-16 17:58:25.771,71.429688
2018-09-16 18:08:28.293,72.578125
2018-09-16 18:18:27.102,73.234375
2018-09-16 18:28:25.498,73.5625
2018-09-16 18:38:25.611,74.21875
2018-09-16 18:48:25.775,74.710938
2018-09-16 18:58:25.735,75.039063
2018-09-16 19:08:27.141,75.203125
2018-09-16 19:18:27.236,75.367188
2018-09-16 19:28:25.773,75.367188
2018-09-16 19:38:25.393,75.203125
2018-09-16 19:48:25.667,74.710938
2018-09-16 19:58:25.055,74.21875
2018-09-16 20:08:27.218,73.726563
2018-09-16 20:18:25.483,73.398438
2018-09-16 20:28:40.352,72.90625
2018-09-16 20:38:26.709,72.414063
2018-09-16 20:48:25.766,71.921875
2018-09-16 20:58:26.806,71.59375
2018-09-16 21:08:24.834,71.101563
2018-09-16 21:18:27.415,70.609375
2018-09-16 21:28:27.061,70.28125
2018-09-16 21:38:25.060,69.789063
2018-09-16 21:48:27.702,69.460938
2018-09-16 21:58:25.392,68.96875
2018-09-16 22:08:27.101,68.640625
2018-09-16 22:18:27.000,68.167969
2018-09-16 22:28:59.518,67.734375
2018-09-16 22:38:24.507,67.445313
2018-09-16 22:48:24.654,67.011719
2018-09-16 22:58:24.878,66.722656
2018-09-16 23:08:26.281,66.289063
2018-09-16 23:18:24.853,66.0
2018-09-16 23:28:25.942,65.566406
2018-09-16 23:38:24.802,65.132813
2018-09-16 23:48:24.177,64.699219
2018-09-16 23:58:24.295,64.265625
2018-09-17 00:08:26.046,63.6875
2018-09-17 00:18:24.432,63.25390600000001
2018-09-17 00:28:23.978,62.67578100000001
2018-09-17 00:38:27.422,61.953125
2018-09-17 00:48:26.558,61.375
2018-09-17 00:58:43.423,60.742188
2018-09-17 01:08:24.611,60.109375
2018-09-17 01:18:25.421,59.476563
2018-09-17 01:28:25.413,58.52734399999999
2018-09-17 01:38:24.759,57.89453100000001
2018-09-17 01:48:25.119,57.26171899999999
2018-09-17 01:58:24.781,56.3125
2018-09-17 02:08:25.315,55.679688
2018-09-17 02:18:26.406,55.046875
2018-09-17 02:28:24.278,54.09765600000001
2018-09-17 02:38:24.937,53.46484399999999
2018-09-17 02:48:24.524,52.695313
2018-09-17 02:58:25.611,52.3125
2018-09-17 03:08:24.139,51.546875
2018-09-17 03:18:25.492,50.777344
2018-09-17 03:28:24.476,50.011719
2018-09-17 03:38:25.398,49.242188
2018-09-17 03:48:24.691,48.859375
2018-09-17 03:58:23.790,48.089844
2018-09-17 04:08:41.591,47.324219
2018-09-17 04:18:25.068,46.914063
2018-09-17 04:28:23.443,46.097656
2018-09-17 04:38:23.751,45.6875
2018-09-17 04:48:24.747,44.867188
2018-09-17 04:58:24.096,44.460938
2018-09-17 05:08:25.083,43.640625
2018-09-17 05:18:23.151,43.230469
2018-09-17 05:28:24.098,42.414063
2018-09-17 05:38:24.431,42.003906
2018-09-17 05:48:24.117,41.1875
2018-09-17 05:58:41.112,40.824219
2018-09-17 06:08:24.750,40.105469
2018-09-17 06:18:22.663,39.746094
2018-09-17 06:28:24.671,39.023438
2018-09-17 06:38:24.775,38.664063
2018-09-17 06:48:24.270,38.304688
2018-09-17 06:58:23.729,37.582031
2018-09-17 07:08:25.053,37.222656
2018-09-17 07:18:23.435,36.863281
2018-09-17 07:28:24.128,36.140625
2018-09-17 07:38:25.619,35.78125
2018-09-17 07:48:23.802,35.421875
2018-09-17 07:58:23.269,35.058594
2018-09-17 08:08:24.940,34.699219
2018-09-17 08:18:23.038,34.269531
2018-09-17 08:28:25.168,33.410156
2018-09-17 08:38:24.887,32.980469
2018-09-17 08:48:24.408,32.550781
2018-09-17 08:58:25.142,32.121094
2018-09-17 09:08:22.800,32.121094
2018-09-17 09:18:23.605,32.121094
2018-09-17 09:28:23.150,32.121094
2018-09-17 09:38:23.298,32.550781
2018-09-17 09:48:23.130,33.410156
2018-09-17 09:58:23.124,34.699219
2018-09-17 10:08:24.702,36.5
2018-09-17 10:18:23.013,37.941406
2018-09-17 10:28:22.984,38.664063
2018-09-17 10:38:23.172,40.824219
2018-09-17 10:48:23.269,41.59375
2018-09-17 10:58:28.283,42.824219
2018-09-17 11:08:25.941,44.050781
2018-09-17 11:18:22.573,44.867188
2018-09-17 11:28:27.730,46.097656
2018-09-17 11:38:25.420,49.242188
2018-09-17 11:48:25.913,51.929688
2018-09-17 11:58:23.782,55.36328100000001
2018-09-17 12:08:25.346,58.52734399999999
2018-09-17 12:18:23.813,62.242188
2018-09-17 12:28:23.989,64.265625
2018-09-17 12:38:23.937,65.132813
2018-09-17 12:48:24.059,65.277344
2018-09-17 12:58:23.905,67.734375
2018-09-17 13:08:28.059,69.789063
2018-09-17 13:18:25.517,71.429688
2018-09-17 13:28:25.935,72.578125
2018-09-17 13:38:25.666,73.398438
2018-09-17 13:48:24.616,74.054688
2018-09-17 13:58:22.437,74.546875
2018-09-17 14:08:23.811,74.875
2018-09-17 14:18:23.381,75.203125
2018-09-17 14:28:23.543,75.367188
2018-09-17 14:38:24.270,75.527344
2018-09-17 14:48:24.240,75.691406
2018-09-17 14:58:23.731,75.855469
2018-09-17 15:08:22.157,75.691406
2018-09-17 15:18:23.553,75.203125
2018-09-17 15:28:22.521,74.710938
2018-09-17 15:38:23.124,74.382813
2018-09-17 15:48:23.397,73.890625
2018-09-17 15:58:23.216,73.398438
2018-09-17 16:08:21.673,72.90625
2018-09-17 16:18:23.218,72.578125
2018-09-17 16:28:23.607,72.085938
2018-09-17 16:38:22.217,71.59375
2018-09-17 16:48:22.590,71.265625
2018-09-17 16:58:22.788,70.773438
2018-09-17 17:08:24.694,70.445313
2018-09-17 17:18:22.248,69.953125
2018-09-17 17:28:23.957,69.625
2018-09-17 17:38:22.736,69.132813
2018-09-17 17:48:23.661,68.804688
2018-09-17 17:58:23.617,68.3125
2018-09-17 18:08:22.697,68.023438
2018-09-17 18:18:22.267,67.589844
2018-09-17 18:28:21.906,67.300781
2018-09-17 18:38:21.482,66.867188
2018-09-17 18:48:21.880,66.578125
2018-09-17 18:58:22.292,66.289063
2018-09-17 19:08:22.769,66.578125
2018-09-17 19:18:23.243,66.433594
2018-09-17 19:28:21.871,66.0
2018-09-17 19:38:21.427,65.566406
2018-09-17 19:48:21.938,65.132813
2018-09-17 19:58:24.229,64.699219
2018-09-17 20:08:25.089,64.121094
2018-09-17 20:18:21.547,63.54296899999999
2018-09-17 20:28:21.290,62.96484399999999
2018-09-17 20:38:21.190,62.38671899999999
2018-09-17 20:48:21.408,61.664063
2018-09-17 20:58:21.532,61.05859399999999
2018-09-17 21:08:23.530,60.42578100000001
2018-09-17 21:18:21.100,59.79296899999999
2018-09-17 21:28:22.398,58.84375
2018-09-17 21:38:23.598,58.210938
2018-09-17 21:48:23.193,57.578125
2018-09-17 21:58:21.470,56.62890600000001
2018-09-17 22:08:21.219,55.99609399999999
2018-09-17 22:18:21.625,55.36328100000001
2018-09-17 22:28:21.367,54.414063
2018-09-17 22:38:21.685,53.78125
2018-09-17 22:48:22.160,53.08203100000001
2018-09-17 22:58:20.440,52.3125
2018-09-17 23:08:22.046,51.929688
2018-09-17 23:18:24.692,51.160156
2018-09-17 23:28:20.895,50.394531
2018-09-17 23:38:20.914,49.625
2018-09-17 23:48:21.353,49.242188
2018-09-17 23:58:20.972,48.476563
2018-09-18 00:08:22.585,47.707031
2018-09-18 00:18:21.007,46.914063
2018-09-18 00:28:20.310,46.503906
2018-09-18 00:38:20.245,45.6875
2018-09-18 00:48:22.404,45.277344
2018-09-18 00:58:20.631,44.460938
2018-09-18 01:08:19.634,44.050781
2018-09-18 01:18:21.293,43.230469
2018-09-18 01:38:22.733,42.003906
2018-09-18 01:48:39.397,41.59375
2018-09-18 01:58:21.557,40.824219
2018-09-18 02:08:20.251,40.105469
2018-09-18 02:18:20.793,39.746094
2018-09-18 02:28:35.667,39.023438
2018-09-18 02:38:20.272,38.664063
2018-09-18 02:48:20.271,38.304688
2018-09-18 02:58:20.053,37.582031
2018-09-18 03:08:49.949,37.222656
2018-09-18 03:18:21.219,36.863281
2018-09-18 03:28:37.041,36.140625
2018-09-18 03:38:22.213,35.78125
2018-09-18 03:48:19.536,35.421875
2018-09-18 03:58:21.502,35.058594
2018-09-18 04:08:22.225,34.699219
2018-09-18 04:19:01.519,33.839844
2018-09-18 04:28:20.238,33.839844
2018-09-18 04:38:20.974,33.410156
2018-09-18 04:48:20.607,32.980469
2018-09-18 04:58:19.935,32.550781
2018-09-18 05:08:22.017,32.121094
2018-09-18 05:18:22.229,31.691406
2018-09-18 05:38:20.459,30.402344
2018-09-18 05:48:19.192,29.972656
2018-09-18 05:58:20.265,29.542969
2018-09-18 06:08:20.188,29.113281
2018-09-18 06:18:20.921,28.683594
2018-09-18 06:28:19.309,28.253906
2018-09-18 06:38:21.716,27.824219
2018-09-18 06:48:20.059,27.394531
2018-09-18 06:58:20.601,26.964844
2018-09-18 07:08:19.575,26.535156
2018-09-18 07:18:19.403,26.105469
2018-09-18 07:28:19.675,25.675781
2018-09-18 07:38:19.072,25.246094
2018-09-18 07:48:19.016,24.816406
2018-09-18 07:58:19.376,23.957031
2018-09-18 08:08:18.677,23.527344
2018-09-18 08:18:19.132,23.097656
2018-09-18 08:28:19.015,22.667969
2018-09-18 08:38:19.693,22.238281
2018-09-18 08:48:18.741,21.378906
2018-09-18 08:58:20.887,20.949219
2018-09-18 09:08:20.044,20.519531
2018-09-18 09:18:21.596,20.519531
2018-09-18 09:28:20.851,20.089844
2018-09-18 09:38:20.819,19.832031
2018-09-18 09:58:20.771,19.574219
2018-09-18 10:08:18.949,19.832031
2018-09-18 10:18:18.907,21.808594
2018-09-18 10:28:20.678,24.386719
2018-09-18 10:38:21.715,27.394531
2018-09-18 10:48:21.212,29.972656
2018-09-18 10:58:22.282,32.121094
2018-09-18 11:08:19.864,34.269531
2018-09-18 11:18:20.433,37.222656
2018-09-18 11:28:21.246,39.746094
2018-09-18 11:38:20.447,42.003906
2018-09-18 11:48:20.558,44.867188
2018-09-18 11:58:19.153,48.089844
2018-09-18 12:08:18.863,51.160156
2018-09-18 12:18:20.018,54.414063
2018-09-18 12:28:19.094,57.89453100000001
2018-09-18 12:38:21.191,61.375
2018-09-18 12:48:18.926,64.554688
2018-09-18 12:58:18.475,64.699219
2018-09-18 13:08:19.058,67.300781
2018-09-18 13:18:19.213,69.460938
2018-09-18 13:28:19.814,71.101563
2018-09-18 13:38:18.434,72.414063
2018-09-18 13:58:19.491,73.890625
2018-09-18 14:08:21.402,74.382813
2018-09-18 14:18:18.014,74.875
2018-09-18 14:28:20.024,75.039063
2018-09-18 14:38:18.899,75.367188
2018-09-18 14:48:20.085,75.527344
2018-09-18 14:58:18.296,75.527344
2018-09-18 15:08:17.841,75.691406
2018-09-18 15:18:19.043,75.367188
2018-09-18 15:28:18.060,74.875
2018-09-18 15:38:18.593,74.546875
2018-09-18 15:48:26.919,74.054688
2018-09-18 15:58:18.362,73.5625
2018-09-18 16:08:20.384,73.070313
2018-09-18 16:18:18.416,72.578125
2018-09-18 16:28:19.106,72.25
2018-09-18 16:38:19.599,71.757813
2018-09-18 16:48:18.108,71.429688
2018-09-18 16:58:19.734,70.9375
2018-09-18 17:08:19.393,70.609375
2018-09-18 17:28:18.168,69.789063
2018-09-18 17:38:17.993,69.296875
2018-09-18 17:48:18.172,68.96875
2018-09-18 17:58:19.904,68.476563
2018-09-18 18:08:17.548,68.167969
2018-09-18 18:18:20.387,67.734375
2018-09-18 18:28:18.505,67.445313
2018-09-18 18:38:17.939,67.011719
2018-09-18 18:48:19.357,66.722656
2018-09-18 18:58:17.705,66.289063
2018-09-18 19:08:18.192,65.855469
2018-09-18 19:18:17.893,65.421875
2018-09-18 19:28:19.780,65.132813
2018-09-18 19:38:17.973,64.554688
2018-09-18 19:48:20.364,64.121094
2018-09-18 19:58:18.712,63.54296899999999
2018-09-18 20:08:19.490,63.109375
2018-09-18 20:18:17.592,62.38671899999999
2018-09-18 20:28:17.267,61.80859399999999
2018-09-18 20:38:17.520,61.375
2018-09-18 20:48:17.594,60.42578100000001
2018-09-18 20:58:17.118,59.79296899999999
2018-09-18 21:08:17.202,59.16015600000001
2018-09-18 21:18:19.857,58.210938
2018-09-18 21:28:18.221,57.578125
2018-09-18 21:38:19.470,56.945313
2018-09-18 21:48:17.396,55.99609399999999
2018-09-18 21:58:17.441,55.36328100000001
2018-09-18 22:08:17.703,54.73046899999999
2018-09-18 22:18:17.636,54.09765600000001
2018-09-18 22:28:17.625,53.46484399999999
2018-09-18 22:38:17.012,52.695313
2018-09-18 22:48:18.495,51.929688
2018-09-18 22:58:18.538,51.160156
2018-09-18 23:08:17.225,50.394531
2018-09-18 23:18:17.100,50.011719
2018-09-18 23:28:16.617,49.242188
2018-09-18 23:38:17.786,48.476563
2018-09-18 23:48:16.572,47.707031
2018-09-18 23:58:17.303,47.324219
2018-09-19 00:08:17.170,46.503906
2018-09-19 00:18:17.317,46.097656
2018-09-19 00:28:17.797,45.277344
2018-09-19 00:38:16.110,44.867188
2018-09-19 00:48:16.515,44.050781
2018-09-19 00:58:16.699,43.640625
2018-09-19 01:08:16.574,42.824219
2018-09-19 01:18:18.673,42.414063
2018-09-19 01:28:17.343,41.59375
2018-09-19 01:38:18.610,41.1875
2018-09-19 01:48:18.659,40.464844
2018-09-19 01:58:18.480,40.105469
2018-09-19 02:08:17.123,39.382813
2018-09-19 02:18:17.918,39.023438
2018-09-19 02:28:18.336,38.664063
2018-09-19 02:38:17.199,37.941406
2018-09-19 02:48:15.461,37.582031
2018-09-19 02:58:16.097,37.222656
2018-09-19 03:08:17.740,36.863281
2018-09-19 03:18:17.047,36.140625
2018-09-19 03:28:17.186,35.78125
2018-09-19 03:38:16.468,35.421875
2018-09-19 03:48:17.848,35.058594
2018-09-19 03:58:17.588,34.699219
2018-09-19 04:08:17.787,34.269531
2018-09-19 04:18:17.576,33.839844
2018-09-19 04:28:19.672,33.410156
2018-09-19 04:38:16.431,32.980469
2018-09-19 04:48:16.872,32.550781
2018-09-19 04:58:16.327,32.121094
2018-09-19 05:08:17.433,31.691406
2018-09-19 05:18:15.946,31.261719
2018-09-19 05:28:33.550,30.832031
2018-09-19 05:38:18.026,30.402344
2018-09-19 05:48:17.424,29.972656
2018-09-19 05:58:16.537,29.542969
2018-09-19 06:08:16.440,29.113281
2018-09-19 06:18:15.160,28.683594
2018-09-19 06:28:17.015,27.824219
2018-09-19 06:38:17.098,27.394531
2018-09-19 06:48:15.685,26.964844
2018-09-19 06:58:17.303,26.535156
2018-09-19 07:08:15.269,26.105469
2018-09-19 07:18:15.993,25.675781
2018-09-19 07:28:17.636,25.246094
2018-09-19 07:38:15.965,24.816406
2018-09-19 07:48:17.932,23.957031
2018-09-19 07:58:15.346,23.527344
2018-09-19 08:08:17.066,23.097656
2018-09-19 08:18:15.736,22.667969
2018-09-19 08:28:17.005,21.808594
2018-09-19 08:38:15.338,21.378906
2018-09-19 08:48:15.802,20.949219
2018-09-19 08:58:17.243,20.519531
2018-09-19 09:08:15.527,19.832031
2018-09-19 09:18:17.414,19.574219
2018-09-19 09:28:15.521,19.574219
2018-09-19 09:38:15.343,19.574219
2018-09-19 09:48:15.261,19.832031
2018-09-19 09:58:15.445,20.519531
2018-09-19 10:08:16.611,21.808594
2018-09-19 10:18:15.059,23.097656
2018-09-19 10:28:15.620,25.246094
2018-09-19 10:38:15.196,27.394531
2018-09-19 10:48:14.821,29.542969
2018-09-19 10:58:15.321,31.691406
2018-09-19 11:08:14.841,33.839844
2018-09-19 11:18:17.819,36.140625
2018-09-19 11:28:16.662,38.664063
2018-09-19 11:38:15.533,40.464844
2018-09-19 11:48:15.893,43.230469
2018-09-19 11:58:16.984,44.867188
2018-09-19 12:08:15.325,47.707031
2018-09-19 12:18:15.451,50.394531
2018-09-19 12:28:15.347,53.78125
2018-09-19 12:48:15.877,60.742188
2018-09-19 12:58:14.887,64.121094
2018-09-19 13:08:15.169,67.011719
2018-09-19 13:18:16.205,69.296875
2018-09-19 13:28:14.890,71.101563
2018-09-19 13:38:14.647,72.25
2018-09-19 13:48:15.181,73.234375
2018-09-19 13:58:14.745,73.890625
2018-09-19 14:08:15.643,74.546875
2018-09-19 14:18:14.129,74.875
2018-09-19 14:28:15.373,75.203125
2018-09-19 14:38:15.107,75.367188
2018-09-19 14:48:16.124,75.367188
2018-09-19 14:58:14.225,74.875
2018-09-19 15:08:14.481,74.382813
2018-09-19 15:18:14.823,74.054688
2018-09-19 15:28:16.444,73.5625
2018-09-19 15:38:15.222,73.070313
2018-09-19 15:48:14.477,72.742188
2018-09-19 15:58:14.980,72.25
2018-09-19 16:08:13.612,71.757813
2018-09-19 16:18:14.565,71.429688
2018-09-19 16:28:15.687,70.9375
2018-09-19 16:38:14.192,70.609375
2018-09-19 16:48:14.536,70.117188
2018-09-19 16:58:14.743,69.789063
2018-09-19 17:18:15.828,68.96875
2018-09-19 17:38:13.738,68.167969
2018-09-19 17:48:15.205,67.734375
2018-09-19 17:58:13.713,67.445313
2018-09-19 18:08:13.802,67.011719
2018-09-19 18:18:13.498,66.722656
2018-09-19 18:28:14.312,66.289063
2018-09-19 18:38:14.311,67.15625
2018-09-19 18:48:13.543,68.167969
2018-09-19 18:58:15.089,68.476563
2018-09-19 19:08:15.649,68.023438
2018-09-19 19:18:14.014,67.589844
2018-09-19 19:28:13.451,67.15625
2018-09-19 19:38:13.738,66.578125
2018-09-19 19:48:15.819,66.144531
2018-09-19 19:58:15.674,65.710938
2018-09-19 20:08:14.655,65.277344
2018-09-19 20:18:15.390,64.84375
2018-09-19 20:28:15.162,64.410156
2018-09-19 20:38:15.434,63.83203100000001
2018-09-19 20:48:14.755,63.25390600000001
2018-09-19 20:58:13.524,62.67578100000001
2018-09-19 21:08:13.441,61.953125
2018-09-19 21:18:13.260,61.375
2018-09-19 21:28:13.762,60.742188
2018-09-19 21:38:14.530,60.109375
2018-09-19 21:48:15.643,59.16015600000001
2018-09-19 21:58:13.113,58.52734399999999
2018-09-19 22:08:13.862,57.578125
2018-09-19 22:18:14.461,56.945313
2018-09-19 22:28:15.507,56.3125
2018-09-19 22:38:13.044,55.36328100000001
2018-09-19 22:48:14.774,54.73046899999999
2018-09-19 22:58:14.483,54.09765600000001
2018-09-19 23:08:12.936,53.46484399999999
2018-09-19 23:18:13.532,52.695313
2018-09-19 23:28:13.054,51.929688
2018-09-19 23:38:13.133,51.546875
2018-09-19 23:48:13.301,50.777344
2018-09-19 23:58:13.014,50.011719
2018-09-20 00:08:14.381,49.242188
2018-09-20 00:18:14.368,48.859375
2018-09-20 00:28:12.683,48.089844
2018-09-20 00:38:14.631,47.324219
2018-09-20 00:48:31.316,46.914063
2018-09-20 00:58:14.234,46.097656
2018-09-20 01:08:13.907,45.6875
2018-09-20 01:18:14.925,44.867188
2018-09-20 01:28:31.346,44.460938
2018-09-20 01:38:14.640,43.640625
2018-09-20 01:48:16.099,43.230469
2018-09-20 01:58:13.752,42.414063
2018-09-20 02:08:14.383,42.003906
2018-09-20 02:18:11.816,41.1875
2018-09-20 02:28:13.990,40.824219
2018-09-20 02:38:11.813,40.105469
2018-09-20 02:48:13.598,39.746094
2018-09-20 02:58:29.050,39.023438
2018-09-20 03:08:13.349,38.664063
2018-09-20 03:18:13.587,38.304688
2018-09-20 03:28:13.577,37.582031
2018-09-20 03:38:41.947,37.222656
2018-09-20 03:48:13.271,36.863281
2018-09-20 03:58:11.257,36.140625
2018-09-20 04:08:12.141,35.78125
2018-09-20 04:18:12.418,35.421875
2018-09-20 04:28:28.892,35.058594
2018-09-20 04:38:12.938,34.699219
2018-09-20 04:48:11.798,34.269531
2018-09-20 04:58:13.134,33.839844
2018-09-20 05:08:29.391,33.410156
2018-09-20 05:18:12.619,32.980469
2018-09-20 05:28:29.226,32.550781
2018-09-20 05:38:12.674,32.121094
2018-09-20 05:48:11.997,31.691406
2018-09-20 05:58:12.433,31.261719
2018-09-20 06:08:12.582,30.832031
2018-09-20 06:18:11.611,30.402344
2018-09-20 06:28:13.205,29.972656
2018-09-20 06:38:29.261,29.113281
2018-09-20 06:48:13.039,28.683594
2018-09-20 06:58:12.165,28.253906
2018-09-20 07:08:11.455,27.824219
2018-09-20 07:18:12.098,27.394531
2018-09-20 07:28:11.880,26.964844
2018-09-20 07:38:11.323,26.535156
2018-09-20 07:48:12.041,26.105469
2018-09-20 07:58:11.334,25.675781
2018-09-20 08:08:11.948,25.246094
2018-09-20 08:18:11.237,24.386719
2018-09-20 08:28:13.145,23.957031
2018-09-20 08:38:13.544,23.527344
2018-09-20 08:48:11.472,23.097656
2018-09-20 09:08:11.938,22.238281
2018-09-20 09:18:13.374,22.238281
2018-09-20 09:28:11.039,22.238281
2018-09-20 09:38:11.843,22.238281
2018-09-20 09:48:11.749,22.667969
2018-09-20 10:08:10.856,24.386719
2018-09-20 10:18:11.789,25.675781
2018-09-20 10:28:14.449,27.394531
2018-09-20 10:38:11.346,29.113281
2018-09-20 10:58:11.765,33.410156
2018-09-20 11:08:13.309,35.421875
2018-09-20 11:38:10.621,41.59375
2018-09-20 11:48:11.590,44.050781
2018-09-20 11:58:11.357,46.503906
2018-09-20 12:08:12.185,49.625
2018-09-20 12:18:11.106,52.3125
2018-09-20 12:28:12.129,55.679688
2018-09-20 12:38:10.870,59.16015600000001
2018-09-20 12:48:12.010,62.820313
2018-09-20 12:58:10.963,66.0
2018-09-20 13:08:12.729,68.476563
2018-09-20 13:18:11.024,70.445313
2018-09-20 13:28:11.065,71.921875
2018-09-20 13:38:11.226,72.90625
2018-09-20 13:48:13.027,73.726563
2018-09-20 13:58:10.491,74.382813
2018-09-20 14:08:12.541,74.710938
2018-09-20 14:18:10.567,75.039063
2018-09-20 14:28:12.659,75.367188
2018-09-20 14:38:12.415,75.203125
2018-09-20 14:48:12.306,74.710938
2018-09-20 14:58:10.555,74.21875
2018-09-20 15:08:10.396,73.890625
2018-09-20 15:18:13.317,73.398438
2018-09-20 15:28:13.271,72.90625
2018-09-20 15:38:12.278,72.578125
2018-09-20 15:48:10.601,72.085938
2018-09-20 15:58:10.342,71.59375
2018-09-20 16:08:10.700,71.265625
2018-09-20 16:18:11.936,70.773438
2018-09-20 16:28:12.079,70.445313
2018-09-20 16:38:09.849,69.953125
2018-09-20 16:48:12.164,69.625
2018-09-20 16:58:12.566,69.132813
2018-09-20 17:08:12.090,68.804688
2018-09-20 17:18:11.955,68.476563
2018-09-20 17:28:10.012,68.023438
2018-09-20 17:38:09.827,67.589844
2018-09-20 17:48:12.114,67.300781
2018-09-20 17:58:10.274,67.011719
2018-09-20 18:08:09.767,66.578125
2018-09-20 18:18:10.793,68.023438
2018-09-20 18:28:11.425,69.460938
2018-09-20 18:38:10.865,70.445313
2018-09-20 18:48:09.623,70.773438
2018-09-20 18:58:09.627,70.9375
2018-09-20 19:08:10.566,71.101563
2018-09-20 19:18:10.011,71.265625
2018-09-20 19:28:10.867,70.9375
2018-09-20 19:38:10.361,70.445313
2018-09-20 19:48:11.515,69.953125
2018-09-20 19:58:11.600,69.460938
2018-09-20 20:08:09.931,68.96875
2018-09-20 20:18:10.417,68.640625
2018-09-20 20:28:12.424,68.167969
2018-09-20 20:38:09.901,67.734375
2018-09-20 20:48:10.074,67.300781
2018-09-20 20:58:09.194,67.011719
2018-09-20 21:08:09.908,66.578125
2018-09-20 21:18:09.608,66.144531
2018-09-20 21:28:09.532,65.710938
2018-09-20 21:38:09.319,65.277344
2018-09-20 21:48:09.962,64.84375
2018-09-20 21:58:09.397,64.410156
2018-09-20 22:08:09.940,63.976563
2018-09-20 22:18:09.620,63.398438
2018-09-20 22:28:09.263,62.820313
2018-09-20 22:38:09.431,62.242188
2018-09-20 22:48:08.890,61.51953100000001
2018-09-20 22:58:08.947,61.05859399999999
2018-09-20 23:08:09.475,60.42578100000001
2018-09-20 23:18:09.234,59.476563
2018-09-20 23:28:08.903,58.84375
2018-09-20 23:38:08.574,58.210938
2018-09-20 23:48:09.350,57.26171899999999
2018-09-20 23:58:08.683,56.62890600000001
2018-09-21 00:08:10.802,55.679688
2018-09-21 00:18:10.443,55.046875
2018-09-21 00:28:10.628,54.414063
2018-09-21 00:38:08.521,53.78125
2018-09-21 00:48:08.832,53.08203100000001
2018-09-21 00:58:08.690,52.3125
2018-09-21 01:08:10.068,51.546875
2018-09-21 01:18:08.881,51.160156
2018-09-21 01:28:25.957,50.394531
2018-09-21 01:38:08.766,49.625
2018-09-21 01:48:10.229,48.859375
2018-09-21 01:58:10.215,48.476563
2018-09-21 02:08:09.638,47.707031
2018-09-21 02:18:08.472,46.914063
2018-09-21 02:28:10.388,46.503906
2018-09-21 02:38:09.133,45.6875
2018-09-21 02:48:08.215,45.277344
2018-09-21 02:58:09.023,44.460938
2018-09-21 03:08:07.592,44.050781
2018-09-21 03:18:08.394,43.230469
2018-09-21 03:28:09.370,42.824219
2018-09-21 03:38:09.838,42.003906
2018-09-21 03:48:08.103,41.59375
2018-09-21 03:58:11.328,41.1875
2018-09-21 04:08:09.348,40.464844
2018-09-21 04:18:07.975,40.105469
2018-09-21 04:28:09.387,39.382813
2018-09-21 04:38:08.796,39.023438
2018-09-21 04:48:25.237,38.304688
2018-09-21 04:58:10.462,37.941406
2018-09-21 05:08:09.262,37.582031
2018-09-21 05:18:08.395,36.863281
2018-09-21 05:28:09.394,36.5
2018-09-21 05:38:09.086,36.140625
2018-09-21 05:48:12.413,35.78125
2018-09-21 05:58:09.091,35.058594
2018-09-21 06:08:08.761,34.699219
2018-09-21 06:18:08.584,34.269531
2018-09-21 06:28:08.125,33.839844
2018-09-21 06:38:08.242,33.410156
2018-09-21 06:48:08.682,32.980469
2018-09-21 06:58:25.456,32.550781
2018-09-21 07:08:07.973,32.121094
2018-09-21 07:18:08.423,31.691406
2018-09-21 07:28:07.619,31.261719
2018-09-21 07:38:07.385,30.832031
2018-09-21 07:48:08.951,30.402344
2018-09-21 07:58:07.450,29.972656
2018-09-21 08:08:07.969,29.542969
2018-09-21 08:18:07.734,29.113281
2018-09-21 08:28:07.568,28.683594
2018-09-21 08:38:07.537,28.253906
2018-09-21 08:48:10.137,27.394531
2018-09-21 09:08:08.292,26.535156
2018-09-21 09:18:07.717,26.535156
2018-09-21 09:28:07.406,26.105469
2018-09-21 09:38:07.403,26.535156
2018-09-21 09:48:07.667,26.964844
2018-09-21 09:58:07.736,27.394531
2018-09-21 10:08:07.339,28.683594
2018-09-21 10:18:07.771,29.972656
2018-09-21 10:28:10.043,31.691406
2018-09-21 10:38:08.111,33.410156
2018-09-21 10:48:07.923,35.058594
2018-09-21 10:58:08.644,37.222656
2018-09-21 11:08:07.538,39.023438
2018-09-21 11:18:07.918,40.824219
2018-09-21 11:28:06.407,43.230469
2018-09-21 11:38:07.692,45.277344
2018-09-21 11:48:07.471,48.089844
2018-09-21 11:58:07.626,50.777344
2018-09-21 12:08:07.360,53.46484399999999
2018-09-21 12:18:06.893,56.62890600000001
2018-09-21 12:28:08.307,60.109375
2018-09-21 12:38:07.235,63.6875
2018-09-21 12:48:07.344,66.722656
2018-09-21 12:58:06.660,69.132813
2018-09-21 13:08:08.453,70.9375
2018-09-21 13:18:11.479,72.25
2018-09-21 13:28:06.852,73.234375
2018-09-21 13:38:09.312,73.890625
2018-09-21 13:48:07.425,74.546875
2018-09-21 13:58:07.133,74.875
2018-09-21 14:08:08.964,75.203125
2018-09-21 14:18:09.588,75.367188
2018-09-21 14:28:06.734,75.527344
2018-09-21 14:38:07.364,75.367188
2018-09-21 14:48:08.594,74.875
2018-09-21 14:58:07.769,74.382813
2018-09-21 15:08:06.347,74.054688
2018-09-21 15:18:07.156,73.5625
2018-09-21 15:28:06.795,73.070313
2018-09-21 15:38:07.405,72.742188
2018-09-21 15:48:09.164,72.25
2018-09-21 15:58:06.065,71.757813
2018-09-21 16:08:06.863,71.429688
2018-09-21 16:18:06.911,70.9375
2018-09-21 16:28:06.935,70.609375
2018-09-21 16:38:08.425,70.117188
2018-09-21 16:48:06.551,69.789063
2018-09-21 16:58:06.657,69.296875
2018-09-21 17:08:06.428,68.96875
2018-09-21 17:18:08.975,68.476563
2018-09-21 17:28:06.729,68.167969
2018-09-21 17:38:06.041,67.734375
2018-09-21 17:48:09.218,67.445313
2018-09-21 17:58:06.400,67.011719
2018-09-21 18:08:06.640,66.722656
2018-09-21 18:18:07.570,66.433594
2018-09-21 18:28:07.983,66.0
2018-09-21 18:38:05.736,65.710938
2018-09-21 18:48:07.845,65.566406
2018-09-21 18:58:09.846,66.0
2018-09-21 19:08:07.534,66.144531
2018-09-21 19:18:08.540,66.144531
2018-09-21 19:28:06.133,66.0
2018-09-21 19:38:07.539,65.566406
2018-09-21 19:48:08.356,64.988281
2018-09-21 19:58:05.739,64.554688
2018-09-21 20:08:07.031,63.976563
2018-09-21 20:18:05.691,63.25390600000001
2018-09-21 20:28:05.920,62.67578100000001
2018-09-21 20:38:07.771,61.953125
2018-09-21 20:48:05.889,61.375
2018-09-21 20:58:08.377,60.742188
2018-09-21 21:08:05.710,60.109375
2018-09-21 21:18:05.811,59.16015600000001
2018-09-21 21:28:07.468,58.52734399999999
2018-09-21 21:38:07.065,57.578125
2018-09-21 21:48:05.547,56.945313
2018-09-21 21:58:06.611,56.3125
2018-09-21 22:08:06.989,55.36328100000001
2018-09-21 22:18:05.180,54.73046899999999
2018-09-21 22:28:05.078,54.09765600000001
2018-09-21 22:38:06.079,53.46484399999999
2018-09-21 22:48:05.096,52.695313
2018-09-21 22:58:05.762,51.929688
2018-09-21 23:08:05.462,51.546875
2018-09-21 23:18:05.387,50.777344
2018-09-21 23:28:05.076,50.011719
2018-09-21 23:38:04.609,49.242188
2018-09-21 23:48:05.697,48.859375
2018-09-21 23:58:06.008,48.089844
2018-09-22 00:08:06.677,47.324219
2018-09-22 00:18:04.767,46.914063
2018-09-22 00:28:07.605,46.097656
2018-09-22 00:38:07.333,45.6875
2018-09-22 00:48:06.309,44.867188
2018-09-22 00:58:04.720,44.460938
2018-09-22 01:08:22.571,43.640625
2018-09-22 01:18:06.966,43.230469
2018-09-22 01:28:04.452,42.414063
2018-09-22 01:38:04.176,42.003906
2018-09-22 01:48:04.446,41.1875
2018-09-22 01:58:04.532,40.824219
2018-09-22 02:08:05.208,40.105469
2018-09-22 02:18:06.424,39.746094
2018-09-22 02:28:03.750,39.023438
2018-09-22 02:38:22.288,38.664063
2018-09-22 02:48:06.669,38.304688
2018-09-22 02:58:34.494,37.582031
2018-09-22 03:08:04.262,37.222656
2018-09-22 03:18:06.960,36.863281
2018-09-22 03:28:04.263,36.140625
2018-09-22 03:38:06.515,35.78125
2018-09-22 03:48:04.422,35.421875
2018-09-22 03:58:06.060,35.058594
2018-09-22 04:08:34.671,34.699219
2018-09-22 04:18:06.220,34.269531
2018-09-22 04:28:04.582,33.839844
2018-09-22 04:38:04.106,33.410156
2018-09-22 04:48:04.619,32.980469
2018-09-22 04:58:04.082,32.550781
2018-09-22 05:08:03.990,32.121094
2018-09-22 05:18:06.558,31.691406
2018-09-22 05:28:03.281,31.261719
2018-09-22 05:38:05.755,30.832031
2018-09-22 05:48:06.185,30.402344
2018-09-22 05:58:06.015,29.972656
2018-09-22 06:08:05.537,29.542969
2018-09-22 06:18:05.901,29.113281
2018-09-22 06:28:06.192,28.683594
2018-09-22 06:38:03.947,28.253906
2018-09-22 06:48:06.589,27.824219
2018-09-22 06:58:03.760,26.964844
2018-09-22 07:08:04.944,26.535156
2018-09-22 07:18:05.292,26.105469
2018-09-22 07:28:03.129,25.675781
2018-09-22 07:38:06.047,25.246094
2018-09-22 07:48:05.029,24.816406
2018-09-22 07:58:03.524,23.957031
2018-09-22 08:08:04.108,23.527344
2018-09-22 08:18:03.804,23.097656
2018-09-22 08:28:03.772,22.238281
2018-09-22 08:38:05.462,21.808594
2018-09-22 08:48:03.741,21.378906
2018-09-22 08:58:03.442,20.519531
2018-09-22 09:08:03.739,20.089844
2018-09-22 09:18:06.640,19.832031
2018-09-22 09:28:03.459,19.574219
2018-09-22 09:38:04.737,19.574219
2018-09-22 09:48:04.340,19.832031
2018-09-22 09:58:05.159,20.089844
2018-09-22 10:08:03.186,20.949219
2018-09-22 10:18:04.759,22.667969
2018-09-22 10:28:03.216,24.386719
2018-09-22 10:38:03.481,26.535156
2018-09-22 10:48:04.841,28.683594
2018-09-22 10:58:05.862,30.832031
2018-09-22 11:08:03.186,32.980469
2018-09-22 11:18:04.920,35.058594
2018-09-22 11:28:04.445,37.222656
2018-09-22 11:38:05.361,39.382813
2018-09-22 11:48:03.923,42.003906
2018-09-22 11:58:03.056,44.460938
2018-09-22 12:08:04.980,47.324219
2018-09-22 12:18:03.092,50.011719
2018-09-22 12:28:03.364,53.08203100000001
2018-09-22 12:38:04.785,56.3125
2018-09-22 12:48:03.590,60.109375
2018-09-22 12:58:03.309,63.6875
2018-09-22 13:08:03.748,66.722656
2018-09-22 13:18:03.059,69.132813
2018-09-22 13:28:02.730,70.9375
2018-09-22 13:38:04.610,72.25
2018-09-22 13:48:03.479,73.234375
2018-09-22 13:58:03.288,73.890625
2018-09-22 14:08:13.707,74.546875
2018-09-22 14:18:03.244,74.875
2018-09-22 14:28:05.464,75.203125
2018-09-22 14:38:03.144,75.203125
2018-09-22 14:48:04.479,74.710938
2018-09-22 14:58:02.868,74.382813
2018-09-22 15:08:02.680,73.890625
2018-09-22 15:18:03.122,73.398438
2018-09-22 15:28:03.007,73.070313
2018-09-22 15:38:03.115,72.578125
2018-09-22 15:48:02.941,72.085938
2018-09-22 15:58:04.598,71.757813
2018-09-22 16:08:03.430,71.265625
2018-09-22 16:18:04.231,70.773438
2018-09-22 16:28:05.305,70.445313
2018-09-22 16:38:02.666,69.953125
2018-09-22 16:48:03.004,69.625
2018-09-22 16:58:02.729,69.132813
2018-09-22 17:08:02.633,68.804688
2018-09-22 17:18:02.600,68.476563
2018-09-22 17:28:04.269,68.023438
2018-09-22 17:38:02.851,67.589844
2018-09-22 17:48:02.462,67.300781
2018-09-22 17:58:02.412,67.011719
2018-09-22 18:08:04.883,66.578125
2018-09-22 18:18:02.183,66.289063
2018-09-22 18:28:02.287,67.011719
2018-09-22 18:38:02.855,67.734375
2018-09-22 18:48:03.237,68.3125
2018-09-22 18:58:02.039,68.476563
2018-09-22 19:08:02.444,68.476563
2018-09-22 19:18:03.365,68.3125
2018-09-22 19:28:01.388,67.878906
2018-09-22 19:38:01.802,67.445313
2018-09-22 19:48:02.530,67.011719
2018-09-22 19:58:02.117,66.578125
2018-09-22 20:08:02.132,66.144531
2018-09-22 20:18:03.872,65.710938
2018-09-22 20:28:01.860,65.277344
2018-09-22 20:38:01.613,64.84375
2018-09-22 20:48:01.848,64.265625
2018-09-22 20:58:01.566,63.83203100000001
2018-09-22 21:08:04.088,63.109375
2018-09-22 21:18:00.867,62.53125
2018-09-22 21:28:02.068,61.953125
2018-09-22 21:38:04.776,61.375
2018-09-22 21:48:01.250,60.742188
2018-09-22 21:58:02.794,59.79296899999999
2018-09-22 22:08:01.401,59.16015600000001
2018-09-22 22:18:01.679,58.52734399999999
2018-09-22 22:28:03.297,57.578125
2018-09-22 22:38:02.025,56.945313
2018-09-22 22:48:03.184,56.3125
2018-09-22 22:58:01.997,55.36328100000001
2018-09-22 23:08:01.225,54.73046899999999
2018-09-22 23:18:03.579,54.09765600000001
2018-09-22 23:28:02.538,53.46484399999999
2018-09-22 23:38:00.853,52.695313
2018-09-22 23:48:01.674,51.929688
2018-09-22 23:58:00.934,51.546875
2018-09-23 00:08:02.385,50.777344
2018-09-23 00:18:01.473,50.011719
2018-09-23 00:28:01.069,49.242188
2018-09-23 00:38:01.230,48.859375
2018-09-23 00:48:00.610,48.089844
2018-09-23 00:58:02.795,47.324219
2018-09-23 01:08:00.524,46.914063
2018-09-23 01:18:02.116,46.097656
2018-09-23 01:28:02.898,45.6875
2018-09-23 01:38:02.185,44.867188
2018-09-23 01:48:02.474,44.460938
2018-09-23 01:58:02.446,43.640625
2018-09-23 02:08:00.675,43.230469
2018-09-23 02:18:01.092,42.414063
2018-09-23 02:28:02.246,42.003906
2018-09-23 02:38:00.298,41.1875
2018-09-23 02:48:02.100,40.824219
2018-09-23 02:58:02.535,40.105469
2018-09-23 03:08:00.416,39.746094
2018-09-23 03:18:03.459,39.023438
2018-09-23 03:28:01.722,38.664063
2018-09-23 03:38:02.315,38.304688
2018-09-23 03:48:01.094,37.582031
2018-09-23 03:58:02.689,37.222656
2018-09-23 04:08:02.374,36.863281
2018-09-23 04:18:02.660,36.5
2018-09-23 04:28:01.298,35.78125
2018-09-23 04:38:02.670,35.421875
2018-09-23 04:47:59.949,35.058594
2018-09-23 04:58:00.097,34.699219
2018-09-23 05:08:01.451,34.269531
2018-09-23 05:17:59.963,33.839844
2018-09-23 05:28:02.315,33.410156
2018-09-23 05:38:00.052,32.980469
2018-09-23 05:47:59.931,32.550781
2018-09-23 05:58:00.339,32.121094
2018-09-23 06:08:02.691,31.691406
2018-09-23 06:18:02.344,31.261719
2018-09-23 06:28:01.048,30.832031
2018-09-23 06:37:59.974,30.402344
2018-09-23 06:47:59.588,29.972656
2018-09-23 06:58:01.423,29.542969
2018-09-23 07:08:00.287,29.113281
2018-09-23 07:17:59.513,28.683594
2018-09-23 07:27:59.200,28.253906
2018-09-23 07:37:59.582,27.824219
2018-09-23 07:48:01.132,26.964844
2018-09-23 07:57:59.600,26.535156
2018-09-23 08:07:59.621,26.105469
2018-09-23 08:17:59.613,25.675781
2018-09-23 08:28:00.598,25.246094
2018-09-23 08:37:59.974,24.386719
2018-09-23 08:47:59.261,23.957031
2018-09-23 08:57:59.598,23.527344
2018-09-23 09:07:59.274,23.527344
2018-09-23 09:17:59.995,23.097656
2018-09-23 09:27:59.854,23.097656
2018-09-23 09:38:00.299,22.667969
2018-09-23 09:48:01.937,23.097656
2018-09-23 09:57:59.982,23.957031
2018-09-23 10:07:59.340,25.246094
2018-09-23 10:18:15.638,26.535156
2018-09-23 10:27:59.823,28.253906
2018-09-23 10:38:00.010,29.972656
2018-09-23 10:48:00.405,32.121094
2018-09-23 10:57:59.288,33.839844
2018-09-23 11:08:03.186,35.78125
2018-09-23 11:17:59.560,37.941406
2018-09-23 11:27:59.676,40.105469
2018-09-23 11:37:59.114,42.824219
2018-09-23 11:47:58.958,45.277344
2018-09-23 11:58:01.414,48.089844
2018-09-23 12:07:59.472,51.160156
2018-09-23 12:17:59.362,54.414063
2018-09-23 12:27:59.310,57.89453100000001
2018-09-23 12:37:59.418,61.664063
2018-09-23 12:48:01.043,64.988281
2018-09-23 12:57:59.148,67.734375
2018-09-23 13:07:58.711,69.953125
2018-09-23 13:18:01.003,71.59375
2018-09-23 13:27:59.062,72.742188
2018-09-23 13:37:59.167,73.5625
2018-09-23 13:47:59.068,74.21875
2018-09-23 13:58:00.643,74.710938
2018-09-23 14:08:00.951,75.039063
2018-09-23 14:17:59.722,75.367188
2018-09-23 14:27:58.979,75.527344
2018-09-23 14:37:59.136,75.691406
2018-09-23 14:48:01.680,75.367188
2018-09-23 14:58:01.324,74.875
2018-09-23 15:07:59.158,74.382813
2018-09-23 15:17:59.377,74.054688
2018-09-23 15:28:00.084,73.5625
2018-09-23 15:37:58.807,73.070313
2018-09-23 15:48:00.045,72.578125
2018-09-23 15:57:59.032,72.25
2018-09-23 16:07:59.075,71.757813
2018-09-23 16:17:58.863,71.429688
2018-09-23 16:28:00.347,70.9375
2018-09-23 16:37:58.553,70.445313
2018-09-23 16:47:58.871,70.117188
2018-09-23 16:57:58.492,69.625
2018-09-23 17:08:00.031,69.296875
2018-09-23 17:17:58.838,68.96875
2018-09-23 17:27:59.508,68.476563
2018-09-23 17:37:58.801,68.167969
2018-09-23 17:48:00.355,67.734375
2018-09-23 17:57:58.710,67.445313
2018-09-23 18:08:00.415,67.011719
2018-09-23 18:17:58.595,66.722656
2018-09-23 18:28:00.314,66.289063
2018-09-23 18:38:00.086,66.0
2018-09-23 18:48:00.838,66.578125
2018-09-23 18:57:58.120,66.867188
2018-09-23 19:07:59.778,67.011719
2018-09-23 19:17:57.663,67.011719
2018-09-23 19:27:58.112,66.578125
2018-09-23 19:37:58.246,66.144531
2018-09-23 19:47:58.540,65.710938
2018-09-23 19:57:58.105,65.277344
2018-09-23 20:07:58.466,64.699219
2018-09-23 20:17:57.769,64.265625
2018-09-23 20:27:58.121,63.6875
2018-09-23 20:37:58.190,62.96484399999999
2018-09-23 20:47:59.659,62.38671899999999
2018-09-23 20:57:59.353,61.80859399999999
2018-09-23 21:07:59.353,61.05859399999999
2018-09-23 21:17:58.164,60.42578100000001
2018-09-23 21:27:58.367,59.79296899999999
2018-09-23 21:37:59.217,58.84375
2018-09-23 21:47:57.824,58.210938
2018-09-23 21:57:58.030,57.578125
2018-09-23 22:07:57.371,56.62890600000001
2018-09-23 22:17:57.745,55.99609399999999
2018-09-23 22:27:57.344,55.36328100000001
2018-09-23 22:37:57.397,54.73046899999999
2018-09-23 22:47:57.835,53.78125
2018-09-23 22:57:57.448,53.08203100000001
2018-09-23 23:07:57.410,52.695313
2018-09-23 23:17:57.747,51.929688
2018-09-23 23:27:59.043,51.160156
2018-09-23 23:37:57.075,50.394531
2018-09-23 23:48:16.384,49.625
2018-09-23 23:57:57.043,49.242188
2018-09-24 00:08:15.806,48.476563
2018-09-24 00:17:57.015,47.707031
2018-09-24 00:27:57.945,47.324219
2018-09-24 00:37:57.023,46.503906
2018-09-24 00:47:58.575,46.097656
2018-09-24 00:57:58.651,45.277344
2018-09-24 01:07:58.071,44.867188
2018-09-24 01:17:57.203,44.050781
2018-09-24 01:27:56.369,43.640625
2018-09-24 01:37:58.551,42.824219
2018-09-24 01:47:58.619,42.414063
2018-09-24 01:58:14.001,41.59375
2018-09-24 02:07:56.451,41.1875
2018-09-24 02:17:59.553,40.464844
2018-09-24 02:27:57.900,40.105469
2018-09-24 02:37:57.623,39.382813
2018-09-24 02:47:58.675,39.023438
2018-09-24 02:57:57.919,38.664063
2018-09-24 03:07:58.007,37.941406
2018-09-24 03:17:57.134,37.582031
2018-09-24 03:28:13.227,37.222656
2018-09-24 03:37:58.185,36.5
2018-09-24 03:47:58.632,36.140625
2018-09-24 03:57:58.545,35.78125
2018-09-24 04:07:57.492,35.421875
2018-09-24 04:17:57.585,35.058594
2018-09-24 04:27:57.983,34.699219
2018-09-24 04:37:56.822,34.269531
2018-09-24 04:47:56.819,33.839844
2018-09-24 04:57:57.258,33.410156
2018-09-24 05:07:56.324,32.980469
2018-09-24 05:17:56.026,32.550781
2018-09-24 05:27:56.149,32.121094
2018-09-24 05:37:56.893,31.691406
2018-09-24 05:47:55.501,31.261719
2018-09-24 05:57:58.187,30.832031
2018-09-24 06:07:57.207,30.402344
2018-09-24 06:17:55.790,29.972656
2018-09-24 06:27:56.307,29.542969
2018-09-24 06:37:58.569,29.113281
2018-09-24 06:47:58.363,28.683594
2018-09-24 06:57:57.284,28.253906
2018-09-24 07:07:57.461,27.824219
2018-09-24 07:17:56.131,27.394531
2018-09-24 07:27:56.160,26.535156
2018-09-24 07:37:58.127,26.105469
2018-09-24 07:47:57.489,25.675781
2018-09-24 07:57:57.924,25.246094
2018-09-24 08:07:57.040,24.386719
2018-09-24 08:17:56.179,23.957031
2018-09-24 08:27:58.319,23.527344
2018-09-24 08:37:57.156,22.667969
2018-09-24 08:47:57.612,22.238281
2018-09-24 08:57:56.288,21.808594
2018-09-24 09:07:57.874,21.378906
2018-09-24 09:17:57.361,20.949219
2018-09-24 09:27:55.986,20.519531
2018-09-24 09:37:56.370,20.519531
2018-09-24 09:47:57.771,20.519531
2018-09-24 09:57:56.695,21.378906
2018-09-24 10:07:55.840,22.238281
2018-09-24 10:17:56.340,23.957031
2018-09-24 10:27:55.413,25.675781
2018-09-24 10:37:56.751,27.824219
2018-09-24 10:47:55.811,29.972656
2018-09-24 10:57:55.531,32.121094
2018-09-24 11:07:55.325,34.269531
2018-09-24 11:17:55.532,36.5
2018-09-24 11:27:56.993,39.023438
2018-09-24 11:37:55.538,41.1875
2018-09-24 11:47:57.387,43.640625
2018-09-24 11:57:57.774,46.503906
2018-09-24 12:07:57.443,49.625
2018-09-24 12:17:55.551,52.695313
2018-09-24 12:27:57.220,56.3125
2018-09-24 12:37:59.252,59.79296899999999
2018-09-24 12:47:56.702,63.54296899999999
2018-09-24 12:57:56.634,66.578125
2018-09-24 13:07:57.072,68.96875
2018-09-24 13:17:56.032,70.9375
2018-09-24 13:27:56.091,72.25
2018-09-24 13:37:57.035,73.234375
2018-09-24 13:47:57.839,73.890625
2018-09-24 13:57:54.842,74.546875
2018-09-24 14:07:54.606,74.875
2018-09-24 14:17:55.819,75.203125
2018-09-24 14:27:56.382,75.367188
2018-09-24 14:37:55.252,75.203125
2018-09-24 14:47:54.994,74.710938
2018-09-24 14:57:54.877,74.21875
2018-09-24 15:07:55.147,73.890625
2018-09-24 15:17:55.604,73.398438
2018-09-24 15:27:55.196,72.90625
2018-09-24 15:37:57.612,72.578125
2018-09-24 15:47:58.106,72.085938
2018-09-24 15:57:55.132,71.59375
2018-09-24 16:07:54.814,71.265625
2018-09-24 16:17:56.904,70.773438
2018-09-24 16:27:55.226,70.445313
2018-09-24 16:37:54.576,69.953125
2018-09-24 16:47:56.586,69.625
2018-09-24 16:57:54.640,69.132813
2018-09-24 17:07:55.346,68.804688
2018-09-24 17:17:57.659,68.476563
2018-09-24 17:27:54.531,68.023438
2018-09-24 17:37:56.709,67.589844
2018-09-24 17:47:54.402,67.300781
2018-09-24 17:57:54.849,67.011719
2018-09-24 18:07:54.538,66.578125
2018-09-24 18:17:54.462,66.289063
2018-09-24 18:27:54.698,67.734375
2018-09-24 18:37:54.751,68.96875
2018-09-24 18:47:54.671,69.789063
2018-09-24 18:57:56.005,70.445313
2018-09-24 19:07:56.383,70.773438
2018-09-24 19:17:53.885,70.773438
2018-09-24 19:27:54.520,70.28125
2018-09-24 19:37:56.027,69.789063
2018-09-24 19:47:55.834,69.296875
2018-09-24 19:57:54.999,68.804688
2018-09-24 20:07:54.212,68.3125
2018-09-24 20:17:54.257,68.023438
2018-09-24 20:27:54.124,67.589844
2018-09-24 20:37:53.321,67.15625
2018-09-24 20:47:54.768,66.722656
2018-09-24 20:57:55.637,66.289063
2018-09-24 21:07:55.820,65.855469
2018-09-24 21:17:53.260,65.566406
2018-09-24 21:27:54.163,65.132813
2018-09-24 21:37:53.856,64.554688
2018-09-24 21:47:55.918,64.121094
2018-09-24 21:57:55.152,63.54296899999999
2018-09-24 22:07:54.830,62.96484399999999
2018-09-24 22:17:53.898,62.38671899999999
2018-09-24 22:27:56.470,61.80859399999999
2018-09-24 22:37:56.076,61.05859399999999
2018-09-24 22:47:54.011,60.42578100000001
2018-09-24 22:57:54.312,59.79296899999999
2018-09-24 23:07:53.534,59.16015600000001
2018-09-24 23:17:55.130,58.210938
2018-09-24 23:27:53.590,57.578125
2018-09-24 23:37:55.521,56.62890600000001
2018-09-24 23:47:53.894,55.99609399999999
2018-09-24 23:57:54.564,55.36328100000001
2018-09-25 00:07:53.598,54.73046899999999
2018-09-25 00:17:54.178,54.09765600000001
2018-09-25 00:27:53.519,53.46484399999999
2018-09-25 00:37:54.463,52.695313
2018-09-25 00:47:54.960,51.929688
2018-09-25 00:57:53.608,51.160156
2018-09-25 01:07:54.059,50.777344
2018-09-25 01:17:54.677,50.011719
2018-09-25 01:27:54.521,49.242188
2018-09-25 01:38:09.703,48.476563
2018-09-25 01:47:52.840,48.089844
2018-09-25 01:57:54.421,47.324219
2018-09-25 02:07:53.277,46.914063
2018-09-25 02:17:55.690,46.097656
2018-09-25 02:27:53.132,45.6875
2018-09-25 02:37:54.385,44.867188
2018-09-25 02:47:53.404,44.460938
2018-09-25 02:57:54.360,43.640625
2018-09-25 03:07:53.719,43.230469
2018-09-25 03:17:54.226,42.414063
2018-09-25 03:27:54.115,42.003906
2018-09-25 03:37:54.041,41.59375
2018-09-25 03:47:53.194,40.824219
2018-09-25 03:57:54.228,40.464844
2018-09-25 04:07:53.455,39.746094
2018-09-25 04:17:51.963,39.382813
2018-09-25 04:27:52.466,38.664063
2018-09-25 04:37:53.035,38.304688
2018-09-25 04:47:53.332,37.941406
2018-09-25 04:57:53.231,37.222656
2018-09-25 05:07:53.533,36.863281
2018-09-25 05:18:09.539,36.5
2018-09-25 05:27:52.719,36.140625
2018-09-25 05:37:52.445,35.78125
2018-09-25 05:47:54.713,35.058594
2018-09-25 05:57:52.287,34.699219
2018-09-25 06:07:52.594,34.269531
2018-09-25 06:17:53.073,33.839844
2018-09-25 06:27:51.909,33.410156
2018-09-25 06:37:52.683,32.980469
2018-09-25 06:47:54.061,32.550781
2018-09-25 06:57:54.073,32.121094
2018-09-25 07:07:52.578,31.691406
2018-09-25 07:17:54.905,31.261719
2018-09-25 07:27:53.051,30.832031
2018-09-25 07:37:52.119,30.402344
2018-09-25 07:47:53.762,29.972656
2018-09-25 07:57:52.344,29.542969
2018-09-25 08:07:51.644,29.113281
2018-09-25 08:17:51.940,28.683594
2018-09-25 08:27:51.818,28.253906
2018-09-25 08:37:52.576,27.824219
2018-09-25 08:47:52.053,27.394531
2018-09-25 08:57:54.467,26.964844
2018-09-25 09:07:54.112,26.535156
2018-09-25 09:17:52.441,25.675781
2018-09-25 09:27:51.876,25.246094
2018-09-25 09:37:51.815,24.816406
2018-09-25 09:47:53.931,23.957031
2018-09-25 09:57:53.505,23.527344
2018-09-25 10:07:51.846,23.097656
2018-09-25 10:17:54.447,22.238281
2018-09-25 10:27:51.762,21.808594
2018-09-25 10:37:53.867,21.378906
2018-09-25 10:47:52.828,20.949219
2018-09-25 10:57:51.576,20.519531
2018-09-25 11:07:51.840,20.089844
2018-09-25 11:17:51.647,19.832031
2018-09-25 11:27:52.896,19.574219
2018-09-25 11:37:52.416,19.3125
2018-09-25 11:47:51.599,19.054688
2018-09-25 11:57:52.497,18.796875
2018-09-25 12:07:52.028,18.796875
2018-09-25 12:17:52.204,18.539063
2018-09-25 12:27:54.155,18.539063
2018-09-25 12:37:53.085,18.277344
2018-09-25 12:47:51.376,18.019531
2018-09-25 12:57:51.979,17.761719
2018-09-25 13:07:55.020,17.503906
2018-09-25 13:17:51.700,17.503906
2018-09-25 13:27:52.904,17.503906
2018-09-25 13:37:51.782,17.503906
2018-09-25 13:47:51.487,17.242188
2018-09-25 13:57:52.948,17.242188
2018-09-25 14:07:53.910,17.242188
2018-09-25 14:17:51.698,17.242188
2018-09-25 14:27:50.439,17.242188
2018-09-25 14:37:52.142,17.503906
2018-09-25 14:47:53.030,18.277344
2018-09-25 14:57:52.778,18.796875
2018-09-25 15:07:51.891,19.054688
2018-09-25 15:17:52.190,19.3125
2018-09-25 15:27:51.252,19.3125
2018-09-25 15:37:50.935,19.3125
2018-09-25 15:47:51.021,19.054688
2018-09-25 15:57:51.501,18.796875
2018-09-25 16:07:52.963,18.539063
2018-09-25 16:17:51.137,18.277344
2018-09-25 16:27:50.779,17.761719
2018-09-25 16:37:51.105,17.503906
2018-09-25 16:47:50.786,17.242188
2018-09-25 16:57:50.057,16.726563
2018-09-25 17:07:52.723,16.46875
2018-09-25 17:17:51.104,15.949219
2018-09-25 17:27:54.707,15.691406
2018-09-25 17:37:50.938,15.433594
2018-09-25 17:47:54.578,14.914063
2018-09-25 17:57:50.454,14.398438
2018-09-25 18:07:51.552,13.878906
2018-09-25 18:17:52.882,13.363281
2018-09-25 18:27:50.139,12.84375
2018-09-25 18:37:50.349,12.585938
2018-09-25 18:47:50.616,12.066406
2018-09-25 18:57:50.403,11.550781
2018-09-25 19:07:51.799,11.03125
2018-09-25 19:17:53.077,10.515625
2018-09-25 19:27:50.837,9.738281
2018-09-25 19:37:52.141,9.222656
2018-09-25 19:47:50.826,8.703125
2018-09-25 19:57:50.455,8.210938
2018-09-25 20:07:50.957,7.71875
2018-09-25 20:17:49.880,7.2265630000000005
2018-09-25 20:27:50.119,6.980469
2018-09-25 20:37:50.191,6.613281
2018-09-25 20:47:50.115,6.367188
2018-09-25 21:07:50.262,5.742188
2018-09-25 21:17:50.511,5.742188
2018-09-25 21:27:50.108,5.65625
2018-09-25 21:37:50.801,5.488281
2018-09-25 21:47:50.133,5.402344
2018-09-25 21:57:51.244,5.230469
2018-09-25 22:07:51.413,4.976563
2018-09-25 22:17:49.731,4.722656
2018-09-25 22:27:49.704,4.382813
2018-09-25 22:37:49.806,3.7890629999999996
2018-09-25 22:47:49.916,2.9375
2018-09-25 22:57:51.941,2.195313
2018-09-25 23:07:50.187,1.8789060000000002
2018-09-25 23:17:49.454,1.566406
2018-09-25 23:27:50.798,1.214844
2018-09-25 23:37:49.647,0.8164060000000001
2018-09-25 23:47:49.732,0.371094
2018-09-25 23:57:50.698,0.11328099999999999
2018-09-26 00:07:48.950,0.070313
2018-09-26 00:18:04.086,0.019531
2018-09-26 00:27:51.616,0.0
2018-09-26 07:53:27.107,0.023438
2018-09-26 08:03:51.521,0.0
2018-10-26 09:58:39.152,85.914063
2018-10-26 10:00:03.337,54.414063
2018-10-26 10:01:28.237,70.28125
2018-10-26 10:11:38.566,74.710938
2018-10-26 10:22:25.283,77.8125
2018-10-26 10:32:09.418,79.769531
2018-10-26 10:42:40.059,81.238281
2018-10-26 10:52:29.180,82.214844
2018-10-26 11:06:36.736,95.285156
2018-10-26 11:16:07.301,95.445313
2018-10-26 11:26:31.800,95.445313
2018-10-26 11:36:01.890,95.445313
2018-10-26 11:46:17.036,95.445313
2018-10-26 11:55:47.160,94.8125
2018-10-26 12:06:04.590,94.652344
2018-10-26 12:15:34.929,94.652344
2018-10-26 12:25:42.440,94.335938
2018-10-26 12:35:14.974,94.179688
2018-10-26 12:45:33.310,93.863281
2018-10-26 12:55:04.519,93.703125
2018-10-26 13:05:25.730,93.386719
2018-10-26 13:14:57.242,93.230469
2018-10-26 13:25:16.951,92.914063
2018-10-26 13:34:47.893,92.4375
2018-10-26 13:45:09.386,92.121094
2018-10-26 13:54:40.267,91.964844
2018-10-26 14:04:54.537,91.804688
2018-10-26 14:14:24.809,91.488281
2018-10-26 14:24:43.288,91.332031
2018-10-26 14:34:13.719,91.015625
2018-10-26 14:44:33.416,90.855469
2018-10-26 14:54:03.724,90.699219
2018-10-26 15:04:08.255,90.382813
2018-10-26 15:13:39.070,90.066406
2018-10-26 15:24:02.847,89.90625
2018-10-26 15:33:34.511,89.75
2018-10-26 15:43:57.550,89.433594
2018-10-26 15:53:27.511,89.273438
2018-10-26 16:03:47.525,88.957031
2018-10-26 16:13:18.176,88.800781
2018-10-26 16:23:22.037,88.5
2018-10-26 16:32:52.607,88.355469
2018-10-26 16:43:10.865,88.066406
2018-10-26 16:52:41.712,87.925781
2018-10-26 17:03:03.453,87.636719
2018-10-26 17:12:35.327,87.492188
2018-10-26 17:22:47.482,87.207031
2018-10-26 17:32:17.123,87.0625
2018-10-26 17:42:23.830,86.917969
2018-10-26 17:51:55.349,86.632813
2018-10-26 18:02:18.856,86.488281
2018-10-26 18:11:49.011,86.203125
2018-10-26 18:22:11.169,86.058594
2018-10-26 18:31:41.481,85.914063
2018-10-26 18:41:51.221,85.628906
2018-10-26 18:51:19.718,85.484375
2018-10-26 19:01:31.376,85.339844
2018-10-26 19:10:58.798,85.054688
2018-10-26 19:21:13.722,84.910156
2018-10-26 19:30:44.328,84.335938
2018-10-26 19:40:53.735,84.171875
2018-10-26 19:50:22.513,84.007813
2018-10-26 20:00:33.432,83.847656
2018-10-26 20:10:01.549,83.683594
2018-10-26 20:20:25.672,83.355469
2018-10-26 20:29:53.931,83.195313
2018-10-26 20:40:06.263,83.03125
2018-10-26 20:49:35.003,82.867188
2018-10-26 20:59:48.373,82.542969
2018-10-26 21:09:15.752,82.378906
2018-10-26 21:19:36.950,82.214844
2018-10-26 21:29:05.925,82.050781
2018-10-26 21:39:20.004,81.726563
2018-10-26 21:48:49.538,81.5625
2018-10-26 21:59:11.144,81.398438
2018-10-26 22:08:39.049,81.238281
2018-10-26 22:18:58.307,80.910156
2018-10-26 22:28:27.929,80.746094
2018-10-26 22:38:35.466,80.421875
2018-10-26 22:48:02.893,80.257813
2018-10-26 22:58:25.685,80.09375
2018-10-26 23:07:55.124,79.933594
2018-10-26 23:18:08.352,79.769531
2018-10-26 23:27:38.976,79.441406
2018-10-26 23:37:51.897,79.28125
2018-10-26 23:47:19.689,79.117188
2018-10-26 23:57:41.964,78.789063
2018-10-27 00:07:10.616,78.789063
2018-10-27 00:17:24.802,78.464844
2018-10-27 00:26:53.272,78.300781
2018-10-27 00:37:15.359,78.136719
2018-10-27 00:46:43.404,77.8125
2018-10-27 00:57:00.515,77.648438
2018-10-27 01:06:30.169,77.484375
2018-10-27 01:16:39.368,77.324219
2018-10-27 01:26:07.269,77.160156
2018-10-27 01:36:17.086,76.832031
2018-10-27 01:45:46.142,76.671875
2018-10-27 01:55:55.165,76.507813
2018-10-27 02:05:23.495,76.34375
2018-10-27 02:15:41.120,76.179688
2018-10-27 02:25:09.009,76.019531
2018-10-27 02:35:18.154,75.691406
2018-10-27 02:44:45.863,75.527344
2018-10-27 02:55:05.941,75.367188
2018-10-27 03:04:35.393,75.203125
2018-10-27 03:14:50.089,75.039063
2018-10-27 03:24:19.453,74.875
2018-10-27 03:34:26.967,74.710938
2018-10-27 03:43:56.125,74.546875
2018-10-27 03:54:04.309,74.382813
2018-10-27 04:03:31.533,74.054688
2018-10-27 04:13:53.752,73.890625
2018-10-27 04:23:21.945,73.890625
2018-10-27 04:33:30.151,73.5625
2018-10-27 04:43:02.248,73.398438
2018-10-27 04:53:19.999,73.234375
2018-10-27 05:02:49.274,73.070313
2018-10-27 05:13:04.463,72.90625
2018-10-27 05:22:32.093,72.742188
2018-10-27 05:32:43.774,72.578125
2018-10-27 05:42:12.096,72.414063
2018-10-27 05:52:32.374,72.085938
2018-10-27 06:02:00.375,72.085938
2018-10-27 06:12:24.250,71.757813
2018-10-27 06:21:53.813,71.59375
2018-10-27 06:32:12.744,71.429688
2018-10-27 06:41:42.069,71.265625
2018-10-27 06:52:04.010,71.101563
2018-10-27 07:01:33.280,70.9375
2018-10-27 07:11:51.869,70.773438
2018-10-27 07:21:19.175,70.609375
2018-10-27 07:31:34.485,70.445313
2018-10-27 07:41:04.271,70.28125
2018-10-27 07:51:20.204,70.117188
2018-10-27 08:00:48.029,69.953125
2018-10-27 08:11:03.496,69.789063
2018-10-27 08:20:31.445,69.625
2018-10-27 08:30:45.159,69.296875
2018-10-27 08:40:13.860,69.296875
2018-10-27 08:50:22.542,68.96875
2018-10-27 08:59:51.312,68.96875
2018-10-27 09:10:00.956,68.640625
2018-10-27 09:19:28.124,68.476563
2018-10-27 09:29:40.008,68.3125
2018-10-27 09:39:08.604,68.167969
2018-10-27 09:49:23.266,68.023438
2018-10-27 09:58:52.029,67.878906
2018-10-27 10:09:16.300,67.589844
2018-10-27 10:18:44.025,67.445313
2018-10-27 10:29:04.974,67.300781
2018-10-27 10:38:33.846,67.15625
2018-10-27 10:48:40.001,67.011719
2018-10-27 10:58:09.474,66.867188
2018-10-27 11:08:31.029,66.578125
2018-10-27 11:17:59.279,66.578125
2018-10-27 11:28:12.294,66.289063
2018-10-27 11:37:39.649,66.144531
2018-10-27 11:47:49.684,65.855469
2018-10-27 11:57:16.515,65.710938
2018-10-27 12:07:36.573,65.566406
2018-10-27 12:17:04.975,65.421875
2018-10-27 12:27:17.534,65.132813
2018-10-27 12:36:44.479,64.988281
2018-10-27 12:46:57.417,64.84375
2018-10-27 12:56:26.270,64.554688
2018-10-27 13:06:38.515,64.265625
2018-10-27 13:16:08.094,64.121094
2018-10-27 13:26:20.529,63.83203100000001
2018-10-27 13:35:49.338,63.6875
2018-10-27 13:46:07.164,63.398438
2018-10-27 13:55:35.848,63.109375
2018-10-27 14:05:51.227,62.96484399999999
2018-10-27 14:15:20.095,62.67578100000001
2018-10-27 14:25:28.978,62.38671899999999
2018-10-27 14:34:58.147,62.09765600000001
2018-10-27 14:45:13.821,61.953125
2018-10-27 14:54:43.062,61.664063
2018-10-27 15:04:58.046,61.375
2018-10-27 15:14:25.898,61.375
2018-10-27 15:24:39.137,61.05859399999999
2018-10-27 15:34:08.038,60.742188
2018-10-27 15:44:26.161,60.42578100000001
2018-10-27 15:53:55.133,60.109375
2018-10-27 16:04:02.419,59.79296899999999
2018-10-27 16:13:31.849,59.476563
2018-10-27 16:23:54.490,59.16015600000001
2018-10-27 16:33:23.733,58.84375
2018-10-27 16:43:31.734,58.52734399999999
2018-10-27 16:53:00.438,58.210938
2018-10-27 17:03:20.013,57.89453100000001
2018-10-27 17:12:48.461,57.578125
2018-10-27 17:22:57.209,57.26171899999999
2018-10-27 17:32:26.571,56.945313
2018-10-27 17:42:34.977,56.62890600000001
2018-10-27 17:52:04.275,56.3125
2018-10-27 18:02:14.168,55.99609399999999
2018-10-27 18:11:42.302,55.679688
2018-10-27 18:21:56.980,55.36328100000001
2018-10-27 18:31:26.486,55.046875
2018-10-27 18:41:45.865,55.046875
2018-10-27 18:51:14.382,54.73046899999999
2018-10-27 19:01:33.422,54.414063
2018-10-27 19:21:11.506,53.78125
2018-10-27 19:30:39.183,53.46484399999999
2018-10-27 19:41:00.037,53.08203100000001
2018-10-27 19:50:27.491,53.08203100000001
2018-10-27 20:00:50.644,52.695313
2018-10-27 20:10:18.411,52.3125
2018-10-27 20:20:32.609,51.929688
2018-10-27 20:30:01.478,51.929688
2018-10-27 20:40:10.837,51.546875
2018-10-27 20:49:39.561,51.160156
2018-10-27 21:00:03.513,50.777344
2018-10-27 21:09:31.989,50.777344
2018-10-27 21:19:42.203,50.394531
2018-10-27 21:29:10.042,50.011719
2018-10-27 21:39:18.150,50.011719
2018-10-27 21:48:46.508,49.625
2018-10-27 21:59:07.464,49.242188
2018-10-27 22:08:36.649,48.859375
2018-10-27 22:18:55.177,48.859375
2018-10-27 22:28:24.331,48.476563
2018-10-27 22:38:32.891,48.089844
2018-10-27 22:48:01.452,48.089844
2018-10-27 22:58:10.001,47.707031
2018-10-27 23:07:38.355,47.324219
2018-10-27 23:17:48.608,47.324219
2018-10-27 23:27:17.955,46.914063
2018-10-27 23:37:36.771,46.503906
2018-10-27 23:47:05.842,46.503906
2018-10-27 23:57:17.661,46.097656
2018-10-28 00:06:44.877,46.097656
2018-10-28 00:16:57.411,45.6875
2018-10-28 00:26:25.446,45.277344
2018-10-28 00:36:46.655,45.277344
2018-10-28 00:46:18.317,44.867188
2018-10-28 00:56:39.753,44.867188
2018-10-28 01:06:07.842,44.460938
2018-10-28 01:16:22.106,44.050781
2018-10-28 01:25:49.766,44.050781
2018-10-28 01:36:01.854,43.640625
2018-10-28 01:45:31.685,43.640625
2018-10-28 01:55:38.652,43.230469
2018-10-28 02:05:06.813,42.824219
2018-10-28 02:15:21.439,42.824219
2018-10-28 02:24:49.384,42.414063
2018-10-28 02:35:00.249,42.414063
2018-10-28 02:44:28.185,42.003906
2018-10-28 02:54:38.736,42.003906
2018-10-28 02:04:08.017,41.59375
2018-10-28 02:14:24.103,41.1875
2018-10-28 02:23:51.895,41.1875
2018-10-28 02:34:07.512,40.824219
2018-10-28 02:43:36.844,40.824219
2018-10-28 02:53:56.571,40.464844
2018-10-28 03:03:25.214,40.464844
2018-10-28 03:13:25.369,40.105469
2018-10-28 03:22:53.933,39.746094
2018-10-28 03:33:07.351,39.746094
2018-10-28 03:42:36.725,39.382813
2018-10-28 03:52:54.753,39.382813
2018-10-28 04:02:24.516,39.023438
2018-10-28 04:12:39.709,39.023438
2018-10-28 04:22:07.060,38.664063
2018-10-28 04:32:23.345,38.664063
2018-10-28 04:41:51.025,38.304688
2018-10-28 04:52:03.948,38.304688
2018-10-28 05:01:32.511,37.941406
2018-10-28 05:11:51.128,37.941406
2018-10-28 05:21:19.672,37.582031
2018-10-28 05:31:32.267,37.582031
2018-10-28 05:41:01.369,37.222656
2018-10-28 05:51:16.371,37.222656
2018-10-28 06:00:45.133,36.863281
2018-10-28 06:10:55.402,36.863281
2018-10-28 06:20:22.909,36.863281
2018-10-28 06:30:42.770,36.5
2018-10-28 06:40:10.758,36.5
2018-10-28 06:50:23.840,36.140625
2018-10-28 06:59:52.351,36.140625
2018-10-28 07:10:17.643,35.78125
2018-10-28 07:19:44.972,35.78125
2018-10-28 07:29:59.346,35.421875
2018-10-28 07:39:28.005,35.421875
2018-10-28 07:49:46.406,35.058594
2018-10-28 07:59:14.025,35.058594
2018-10-28 08:09:33.878,35.058594
2018-10-28 08:19:01.383,34.699219
2018-10-28 08:29:19.238,34.699219
2018-10-28 08:38:48.653,34.269531
2018-10-28 08:49:07.847,34.269531
2018-10-28 08:58:37.037,34.269531
2018-10-28 09:08:56.114,33.839844
2018-10-28 09:18:23.265,33.839844
2018-10-28 09:28:41.525,33.839844
2018-10-28 09:38:09.459,33.410156
2018-10-28 09:48:18.299,33.410156
2018-10-28 09:57:47.298,32.980469
2018-10-28 10:08:05.723,32.980469
2018-10-28 10:17:33.190,32.980469
2018-10-28 10:27:57.063,32.550781
2018-10-28 10:37:26.188,32.550781
2018-10-28 10:47:37.925,32.121094
2018-10-28 10:57:06.076,32.121094
2018-10-28 11:07:16.483,32.121094
2018-10-28 11:16:45.793,31.691406
2018-10-28 11:27:01.344,31.691406
2018-10-28 11:36:32.236,31.691406
2018-10-28 11:46:42.513,31.261719
2018-10-28 11:56:11.964,31.261719
2018-10-28 12:06:31.446,30.832031
2018-10-28 12:16:01.211,30.832031
2018-10-28 12:26:12.306,30.402344
2018-10-28 12:35:39.938,30.402344
2018-10-28 12:46:04.803,30.402344
2018-10-28 12:55:32.665,29.972656
2018-10-28 13:05:55.285,29.972656
2018-10-28 13:15:24.246,29.542969
2018-10-28 13:25:45.233,29.542969
2018-10-28 13:35:13.832,29.542969
2018-10-28 13:45:22.453,29.113281
2018-10-28 13:54:51.130,29.113281
2018-10-28 14:05:01.905,28.683594
2018-10-28 14:14:30.411,28.253906
2018-10-28 14:24:38.698,28.253906
2018-10-28 14:34:06.325,27.824219
2018-10-28 14:44:16.641,27.824219
2018-10-28 14:53:44.418,27.394531
2018-10-28 15:03:58.179,27.394531
2018-10-28 15:13:26.114,26.964844
2018-10-28 15:23:38.645,26.535156
2018-10-28 15:33:08.193,26.535156
2018-10-28 15:43:24.747,26.105469
2018-10-28 15:52:52.369,26.105469
2018-10-28 16:03:07.143,25.675781
2018-10-28 16:12:35.089,25.675781
2018-10-28 16:22:53.420,25.246094
2018-10-28 16:32:22.389,24.816406
2018-10-28 16:42:33.080,24.816406
2018-10-28 16:52:01.725,24.386719
2018-10-28 17:02:24.022,24.386719
2018-10-28 17:11:53.220,23.957031
2018-10-28 17:22:09.863,23.527344
2018-10-28 17:31:37.613,23.527344
2018-10-28 17:41:45.522,23.097656
2018-10-28 17:51:13.753,23.097656
2018-10-28 18:01:35.811,22.667969
2018-10-28 18:11:04.770,22.238281
2018-10-28 18:21:16.611,22.238281
2018-10-28 18:30:44.730,21.808594
2018-10-28 18:40:59.042,21.378906
2018-10-28 18:50:27.073,21.378906
2018-10-28 19:00:38.158,20.949219
2018-10-28 19:10:06.090,20.519531
2018-10-28 19:20:27.084,20.519531
2018-10-28 19:29:55.548,20.089844
2018-10-28 19:40:07.667,19.832031
2018-10-28 19:49:35.875,19.574219
2018-10-28 19:59:48.456,19.3125
2018-10-28 20:09:16.954,19.054688
2018-10-28 20:19:32.326,19.054688
2018-10-28 20:28:59.609,18.796875
2018-10-28 20:39:27.504,18.539063
2018-10-28 20:48:55.390,18.539063
2018-10-28 20:59:17.095,18.277344
2018-10-28 21:08:45.091,18.277344
2018-10-28 21:19:10.155,18.019531
2018-10-28 21:28:39.133,18.019531
2018-10-28 21:38:59.751,17.761719
2018-10-28 21:48:27.331,17.761719
2018-10-28 21:58:46.017,17.503906
2018-10-28 22:08:14.200,17.242188
2018-10-28 22:18:28.277,17.242188
2018-10-28 22:27:56.344,16.984375
2018-10-28 22:38:18.740,16.984375
2018-10-28 22:47:47.190,16.726563
2018-10-28 22:58:09.760,16.46875
2018-10-28 23:07:41.133,16.46875
2018-10-28 23:17:50.642,16.207031
2018-10-28 23:27:18.637,15.949219
2018-10-28 23:37:41.315,15.949219
2018-10-28 23:47:09.925,15.691406
2018-10-28 23:57:22.154,15.433594
2018-10-29 00:06:51.926,15.433594
2018-10-29 00:17:03.720,15.171875
2018-10-29 00:26:33.133,14.914063
2018-10-29 00:36:40.435,14.65625
2018-10-29 00:46:08.669,14.65625
2018-10-29 00:56:33.342,14.398438
2018-10-29 01:06:01.209,14.136719
2018-10-29 01:16:19.566,13.878906
2018-10-29 01:25:47.453,13.621094
2018-10-29 01:35:56.597,13.363281
2018-10-29 01:45:26.245,13.363281
2018-10-29 01:55:44.543,13.101563
2018-10-29 02:05:13.106,12.84375
2018-10-29 02:15:25.682,12.585938
2018-10-29 02:24:55.275,12.328125
2018-10-29 02:35:20.141,12.066406
2018-10-29 02:55:04.304,11.292969
2018-10-29 03:04:34.362,11.03125
2018-10-29 03:14:53.286,10.773438
2018-10-29 03:24:21.961,10.773438
2018-10-29 03:34:31.105,10.515625
2018-10-29 03:43:58.757,10.257813
2018-10-29 03:54:12.604,9.996094
2018-10-29 04:03:41.018,9.738281
2018-10-29 04:14:05.397,9.480469
2018-10-29 04:23:34.674,9.222656
2018-10-29 04:33:43.750,8.960938
2018-10-29 04:43:11.445,8.582031
2018-10-29 04:53:27.053,8.335938
2018-10-29 05:02:55.441,8.089844
2018-10-29 05:13:14.250,7.84375
2018-10-29 05:22:43.000,7.71875
2018-10-29 05:33:02.157,7.597656
2018-10-29 05:42:32.824,7.472656
2018-10-29 05:52:45.327,7.472656
2018-10-29 06:02:13.604,7.3515630000000005
2018-10-29 06:12:26.068,7.2265630000000005
2018-10-29 06:21:54.268,7.2265630000000005
2018-10-29 06:32:11.434,7.105469
2018-10-29 06:41:40.739,6.980469
2018-10-29 06:51:53.359,6.980469
2018-10-29 07:01:22.505,6.980469
2018-10-29 07:11:47.393,6.859375
2018-10-29 07:21:16.972,6.859375
2018-10-29 07:31:31.160,6.734375
2018-10-29 07:40:58.270,6.613281
2018-10-29 07:51:10.454,6.613281
2018-10-29 08:00:38.195,6.613281
2018-10-29 08:10:56.658,6.488281
2018-10-29 08:20:26.169,6.367188
2018-10-29 08:30:01.505,6.242188
2018-10-29 08:39:31.409,6.242188
2018-10-29 08:49:45.620,6.121094
2018-10-29 08:59:16.584,5.996094
2018-10-29 09:09:26.375,5.910156
2018-10-29 09:18:57.576,5.828125
2018-10-29 09:29:00.944,5.742188
2018-10-29 09:38:32.244,5.65625
2018-10-29 09:48:43.549,5.488281
2018-10-29 09:58:14.035,5.402344
2018-10-29 10:08:29.398,5.148438
2018-10-29 10:17:59.854,4.976563
2018-10-29 10:28:13.939,4.722656
2018-10-29 10:37:44.006,4.46875
2018-10-29 10:47:56.221,4.128906
2018-10-29 10:57:26.350,3.7890629999999996
2018-10-29 11:07:35.490,3.3632809999999997
2018-10-29 11:17:05.117,2.9375
2018-10-29 11:27:20.071,2.429688
2018-10-29 11:36:49.472,2.246094
2018-10-29 12:07:52.231,94.019531
2018-10-29 13:37:37.231,93.386719
2018-10-29 13:48:14.141,93.070313
2018-10-29 13:57:41.666,93.386719
2018-10-29 14:08:18.800,92.597656
2018-10-29 14:17:47.685,92.753906
2018-10-29 14:28:25.515,91.648438
2018-10-29 14:37:51.952,91.804688
2018-10-29 14:48:28.983,90.699219
2018-10-29 14:59:07.026,89.75
2018-10-29 15:08:34.228,89.75
2018-10-29 15:19:10.905,88.800781
2018-10-29 15:29:48.908,87.492188
2018-10-29 15:40:28.083,86.632813
2018-10-29 15:50:25.937,86.632813
2018-10-29 16:01:04.256,85.628906
2018-10-29 16:10:37.111,85.769531
2018-10-29 16:21:14.479,84.480469
2018-10-29 16:30:46.302,84.765625
2018-10-29 16:40:57.631,84.765625
2018-10-29 16:50:28.024,84.765625
2018-10-29 17:00:47.315,84.621094
2018-10-29 17:10:22.357,84.621094
2018-10-29 17:20:35.583,84.480469
2018-10-29 17:30:04.982,84.335938
2018-10-29 17:40:12.485,84.171875
2018-10-29 17:49:44.173,84.007813
2018-10-29 18:00:02.273,83.683594
2018-10-29 18:09:37.400,83.519531
2018-10-29 18:19:55.495,83.03125
2018-10-29 18:29:25.992,82.867188
2018-10-29 18:39:58.467,82.703125
2018-10-29 18:49:25.735,82.703125
2018-10-29 18:59:41.525,82.542969
2018-10-29 19:09:09.025,82.542969
2018-10-29 19:19:26.768,82.378906
2018-10-29 19:28:54.468,82.378906
2018-10-29 19:39:04.284,82.214844
2018-10-29 19:48:30.128,82.214844
2018-10-29 19:58:49.146,82.050781
2018-10-29 20:08:15.828,81.890625
2018-10-29 20:18:32.687,81.726563
2018-10-29 20:28:00.411,81.726563
2018-10-29 20:38:09.529,81.5625
2018-10-29 20:47:36.967,81.398438
2018-10-29 21:00:04.626,80.910156
2018-10-29 21:09:35.314,80.585938
2018-10-29 21:19:50.865,80.257813
2018-10-29 21:29:20.222,80.09375
2018-10-29 21:39:34.051,79.933594
2018-10-29 21:49:03.867,79.769531
2018-10-29 21:59:22.834,79.441406
2018-10-29 22:08:50.418,79.28125
2018-10-29 22:19:02.031,78.953125
2018-10-29 22:28:31.622,78.953125
2018-10-29 22:38:43.237,78.628906
2018-10-29 22:48:13.418,78.464844
2018-10-29 22:58:32.718,78.300781
2018-10-29 23:08:01.489,78.136719
2018-10-29 23:18:22.175,77.8125
2018-10-29 23:27:52.299,77.648438
2018-10-29 23:37:55.956,77.484375
2018-10-29 23:47:25.742,77.324219
2018-10-29 23:57:30.565,76.996094
2018-10-30 00:07:00.288,76.832031
2018-10-30 00:17:10.161,76.671875
2018-10-30 00:26:40.808,76.507813
2018-10-30 00:36:57.593,76.34375
2018-10-30 00:46:28.513,76.179688
2018-10-30 00:56:50.585,75.855469
2018-10-30 01:06:19.132,75.691406
2018-10-30 01:16:30.330,75.527344
2018-10-30 01:25:57.720,75.367188
2018-10-30 01:36:16.588,75.203125
2018-10-30 01:45:44.917,75.039063
2018-10-30 01:55:53.166,74.875
2018-10-30 02:05:23.073,74.710938
2018-10-30 02:15:36.679,74.382813
2018-10-30 02:25:04.646,74.21875
2018-10-30 02:35:27.738,74.054688
2018-10-30 02:44:54.705,73.890625
2018-10-30 02:55:10.949,73.726563
2018-10-30 03:04:38.579,72.90625
2018-10-30 03:14:46.245,72.742188
2018-10-30 03:24:14.601,72.742188
2018-10-30 03:34:34.884,72.578125
2018-10-30 03:44:02.699,72.414063
2018-10-30 03:54:24.801,72.25
2018-10-30 04:03:54.033,72.085938
2018-10-30 04:14:08.623,71.921875
2018-10-30 04:23:36.423,71.757813
2018-10-30 04:33:48.394,71.59375
2018-10-30 04:43:17.602,71.429688
2018-10-30 04:53:28.055,71.265625
2018-10-30 05:02:56.804,71.101563
2018-10-30 05:13:04.165,70.9375
2018-10-30 05:22:32.017,70.773438
2018-10-30 05:32:51.478,70.609375
2018-10-30 05:42:20.096,70.445313
2018-10-30 05:52:38.817,70.28125
2018-10-30 06:02:08.235,70.117188
2018-10-30 06:12:28.151,69.789063
2018-10-30 06:34:02.826,69.625
2018-10-30 06:43:30.184,69.460938
2018-10-30 06:53:50.092,69.296875
2018-10-30 07:03:17.514,69.132813
2018-10-30 07:13:38.588,68.804688
2018-10-30 07:23:06.758,68.640625
2018-10-30 07:33:24.161,68.476563
2018-10-30 07:42:51.919,68.3125
2018-10-30 07:53:14.804,68.167969
2018-10-30 08:02:43.767,68.023438
2018-10-30 08:13:04.146,67.734375
2018-10-30 08:22:30.873,67.589844
2018-10-30 08:32:48.950,67.445313
2018-10-30 08:42:18.277,67.15625
2018-10-30 08:52:31.998,67.011719
2018-10-30 09:02:01.183,66.867188
2018-10-30 09:12:16.942,66.722656
2018-10-30 09:21:46.000,66.578125
2018-10-30 09:32:03.967,66.578125
2018-10-30 09:41:28.461,67.011719
2018-10-30 09:51:40.938,67.589844
2018-10-30 10:01:09.424,67.734375
2018-10-30 10:11:28.932,67.878906
2018-10-30 10:20:56.770,67.878906
2018-10-30 10:31:08.270,68.023438
2018-10-30 10:40:37.524,68.023438
2018-10-30 10:50:58.647,68.023438
2018-10-30 11:00:27.372,68.3125
2018-10-30 11:10:47.131,68.476563
2018-10-30 11:20:15.411,68.804688
2018-10-30 11:30:37.189,69.132813
2018-10-30 11:40:05.238,69.789063
2018-10-30 11:50:24.618,70.445313
2018-10-30 11:59:53.310,71.101563
2018-10-30 12:10:06.564,71.921875
2018-10-30 12:19:39.707,73.070313
2018-10-30 12:29:57.309,73.890625
2018-10-30 12:39:23.953,74.546875
2018-10-30 12:49:37.487,75.039063
2018-10-30 12:59:08.679,75.039063
2018-10-30 13:09:27.460,74.21875
2018-10-30 13:18:55.822,73.726563
2018-10-30 13:38:55.557,72.90625
2018-10-30 13:49:15.642,72.578125
2018-10-30 13:58:43.460,72.414063
2018-10-30 14:09:04.191,72.085938
2018-10-30 14:18:30.644,71.921875
2018-10-30 14:38:16.261,71.59375
2018-10-30 14:48:35.934,71.265625
2018-10-30 14:58:03.484,71.101563
2018-10-30 15:08:24.418,70.773438
2018-10-30 15:17:52.716,70.609375
2018-10-30 15:28:08.696,70.445313
2018-10-30 15:37:37.260,70.28125
2018-10-30 15:47:49.496,69.953125
2018-10-30 15:58:15.754,69.625
2018-10-30 16:07:46.379,69.460938
2018-10-30 16:17:56.850,69.296875
2018-10-30 16:27:23.380,69.132813
2018-10-30 16:37:35.570,68.96875
2018-10-30 16:47:03.417,68.804688
2018-10-30 16:57:14.737,68.476563
2018-10-30 17:06:43.430,68.167969
2018-10-30 17:16:54.820,68.023438
2018-10-30 17:27:22.057,67.589844
2018-10-30 17:36:49.205,67.445313
2018-10-30 17:47:09.888,67.300781
2018-10-30 17:56:41.494,67.15625
2018-10-30 18:06:17.837,66.867188
2018-10-30 18:15:46.806,66.867188
2018-10-30 18:25:22.910,66.578125
2018-10-30 18:34:50.728,66.433594
2018-10-30 18:45:12.569,66.144531
2018-10-30 18:54:40.616,66.0
2018-10-30 19:04:17.709,65.855469
2018-10-30 19:14:43.831,65.421875
2018-10-30 19:24:13.844,65.277344
2018-10-30 19:34:23.309,65.132813
2018-10-30 19:44:49.140,64.699219
2018-10-30 19:54:15.338,64.554688
2018-10-30 20:03:51.671,64.265625
2018-10-30 20:13:50.798,63.83203100000001
2018-10-30 20:23:45.896,63.398438
2018-10-30 20:33:14.955,63.25390600000001
2018-10-30 20:43:32.569,63.109375
2018-10-30 20:53:01.655,62.96484399999999
2018-10-30 21:02:37.517,62.820313
2018-10-30 21:12:06.671,62.67578100000001
2018-10-30 21:21:42.657,62.38671899999999
2018-10-30 21:31:11.726,62.38671899999999
2018-10-30 21:41:26.732,62.242188
2018-10-30 21:50:55.833,61.953125
2018-10-30 22:01:09.552,61.80859399999999
2018-10-30 22:10:36.416,61.51953100000001
2018-10-30 22:20:51.976,61.375
2018-10-30 22:30:20.487,61.05859399999999
2018-10-30 22:39:55.656,60.742188
2018-10-30 22:49:24.251,60.42578100000001
2018-10-30 22:59:40.883,60.109375
2018-10-30 23:10:06.416,59.476563
2018-10-30 23:19:33.609,59.16015600000001
2018-10-30 23:29:51.104,58.84375
2018-10-30 23:40:17.615,58.210938
2018-10-30 23:49:45.172,57.578125
2018-10-31 00:00:01.739,57.26171899999999
2018-10-31 00:10:29.931,56.62890600000001
2018-10-31 00:20:57.159,55.99609399999999
2018-10-31 00:30:25.848,55.679688
2018-10-31 00:40:42.234,55.36328100000001
2018-10-31 00:50:11.236,55.046875
2018-10-31 01:00:28.767,54.73046899999999
2018-10-31 01:09:58.682,54.414063
2018-10-31 01:19:37.540,54.09765600000001
2018-10-31 01:30:02.449,53.46484399999999
2018-10-31 01:39:59.196,52.695313
2018-10-31 01:49:36.383,52.3125
2018-10-31 01:59:21.345,51.546875
2018-10-31 02:09:48.798,51.160156
2018-10-31 02:19:17.468,50.777344
2018-10-31 02:29:27.177,50.777344
2018-10-31 02:38:54.926,50.394531
2018-10-31 02:49:09.950,50.011719
2018-10-31 02:59:36.421,49.625
2018-10-31 03:09:02.601,49.242188
2018-10-31 03:19:24.444,48.859375
2018-10-31 03:28:52.965,48.859375
2018-10-31 03:39:07.859,48.476563
2018-10-31 03:48:34.910,48.476563
2018-10-31 03:58:50.694,48.089844
2018-10-31 04:08:18.052,47.707031
2018-10-31 04:18:28.047,47.324219
2018-10-31 04:27:56.567,47.324219
2018-10-31 04:38:08.524,46.914063
2018-10-31 04:47:37.265,46.503906
2018-10-31 04:57:51.550,46.503906
2018-10-31 05:07:20.877,46.097656
2018-10-31 05:17:35.168,45.6875
2018-10-31 05:27:02.775,45.6875
2018-10-31 05:37:13.653,45.277344
2018-10-31 05:46:41.502,45.277344
2018-10-31 05:56:53.780,44.867188
2018-10-31 06:06:22.020,44.460938
2018-10-31 06:16:36.331,44.460938
2018-10-31 06:26:03.791,44.050781
2018-10-31 06:36:27.576,43.640625
2018-10-31 06:45:57.230,43.640625
2018-10-31 06:56:15.569,43.230469
2018-10-31 07:05:46.543,43.230469
2018-10-31 07:15:55.912,42.824219
2018-10-31 07:25:24.774,42.414063
2018-10-31 07:35:39.884,42.414063
2018-10-31 07:45:08.551,42.003906
2018-10-31 07:55:28.557,41.59375
2018-10-31 08:04:56.822,41.59375
2018-10-31 08:15:09.535,41.1875
2018-10-31 08:24:37.171,41.1875
2018-10-31 08:34:52.441,40.824219
2018-10-31 08:44:20.568,40.824219
2018-10-31 08:54:39.939,40.464844
2018-10-31 09:04:08.555,40.464844
2018-10-31 09:14:16.247,40.464844
2018-10-31 09:23:45.485,40.464844
2018-10-31 09:33:54.275,41.1875
2018-10-31 09:43:23.635,42.824219
2018-10-31 09:53:36.801,45.6875
2018-10-31 10:03:05.614,50.011719
2018-10-31 10:13:28.473,52.695313
2018-10-31 10:22:57.451,57.578125
2018-10-31 10:33:06.454,61.664063
2018-10-31 10:42:35.340,65.132813
2018-10-31 10:52:44.926,68.023438
2018-10-31 11:02:12.405,69.953125
2018-10-31 11:12:30.063,71.757813
2018-10-31 11:21:57.610,72.90625
2018-10-31 11:32:09.057,73.726563
2018-10-31 11:41:37.373,74.382813
2018-10-31 11:51:56.232,74.875
2018-10-31 12:01:24.604,75.203125
2018-10-31 12:11:32.587,75.527344
2018-10-31 12:21:00.748,75.691406
2018-10-31 12:31:21.470,76.019531
2018-10-31 12:40:47.420,76.019531
2018-10-31 12:51:09.594,76.179688
2018-10-31 13:00:37.067,76.019531
2018-10-31 13:11:00.427,75.527344
2018-10-31 13:30:45.946,74.875
2018-10-31 13:50:34.238,74.382813
2018-10-31 14:00:07.136,74.054688
2018-10-31 14:10:29.923,73.890625
2018-10-31 14:19:59.536,73.5625
2018-10-31 14:30:21.200,73.398438
2018-10-31 14:39:52.609,73.234375
2018-10-31 14:50:13.312,72.90625
2018-10-31 14:59:43.737,72.742188
2018-10-31 15:10:01.782,72.578125
2018-10-31 15:19:34.432,72.414063
2018-10-31 15:29:53.807,72.085938
2018-10-31 15:39:25.011,71.921875
2018-10-31 15:49:42.016,71.757813
2018-10-31 15:59:10.999,71.59375
2018-10-31 16:09:19.242,71.429688
2018-10-31 16:18:49.392,71.265625
2018-10-31 16:29:02.916,71.101563
2018-10-31 16:38:34.060,70.9375
2018-10-31 16:48:56.729,70.773438
2018-10-31 16:58:27.173,70.609375
2018-10-31 17:08:38.095,70.28125
2018-10-31 17:24:03.317,69.789063
2018-10-31 17:33:33.503,69.625
2018-10-31 17:43:47.687,69.296875
2018-10-31 17:53:15.512,69.296875
2018-10-31 18:03:41.641,68.96875
2018-10-31 18:13:09.801,68.96875
2018-10-31 18:23:35.399,68.804688
2018-10-31 18:33:05.234,68.640625
2018-10-31 18:43:15.114,68.476563
2018-10-31 18:52:42.600,68.3125
2018-10-31 19:03:08.148,68.167969
2018-10-31 19:12:39.496,68.023438
2018-10-31 19:22:45.179,67.878906
2018-10-31 19:32:14.829,67.734375
2018-10-31 19:42:33.457,67.445313
2018-10-31 19:52:01.954,67.300781
2018-10-31 20:02:11.471,67.15625
2018-10-31 20:11:39.470,67.011719
2018-10-31 20:22:05.132,66.867188
2018-10-31 20:31:34.139,66.722656
2018-10-31 20:41:54.662,66.578125
2018-10-31 20:51:22.402,66.433594
2018-10-31 21:01:33.456,66.289063
2018-10-31 21:11:02.687,66.144531
2018-10-31 21:21:20.240,65.855469
2018-10-31 21:30:47.924,65.710938
2018-10-31 21:40:59.755,65.566406
2018-10-31 21:50:29.334,65.421875
2018-10-31 22:00:54.651,65.132813
2018-10-31 22:10:23.669,65.132813
2018-10-31 22:20:41.256,64.84375
2018-10-31 22:30:08.499,64.84375
2018-10-31 22:40:27.544,64.554688
2018-10-31 22:49:56.073,64.410156
2018-10-31 23:00:05.371,64.121094
2018-10-31 23:09:34.914,63.976563
2018-10-31 23:19:45.182,63.83203100000001
2018-10-31 23:29:12.903,63.54296899999999
2018-10-31 23:39:38.217,63.25390600000001
2018-10-31 23:49:06.680,63.109375
2018-10-31 23:59:16.774,62.820313
