2018-04-27 09:47:01.103,0.0
2018-04-27 09:47:45.426,0.0
2018-04-27 09:49:33.038,0.0
2018-04-27 09:50:34.905,0.0
2018-04-27 10:02:57.013,0.0
2018-04-27 10:08:58.031,0.0
2018-04-27 17:59:43.843,0.0
2018-04-27 18:07:09.415,0.0
2018-04-27 18:17:35.572,0.0
2018-04-30 13:06:34.337,0.0
2018-04-30 13:07:33.152,0.0
2018-04-30 13:17:57.756,0.0
2018-04-30 13:27:56.850,0.0
2018-04-30 13:37:57.205,0.0
2018-04-30 13:47:59.331,0.0
2018-04-30 13:57:59.406,0.0
2018-04-30 14:07:56.790,0.0
2018-04-30 14:18:00.967,0.0
2018-04-30 14:27:57.730,0.0
2018-04-30 14:37:58.699,0.0
2018-04-30 14:47:58.452,0.0
2018-04-30 14:57:57.950,0.0
2018-04-30 15:07:58.731,0.0
2018-04-30 15:17:57.289,0.0
2018-04-30 15:27:59.087,0.0
2018-04-30 15:37:56.655,0.0
2018-04-30 15:47:58.108,0.0
2018-04-30 15:57:57.460,0.0
2018-04-30 16:07:58.849,0.0
2018-04-30 16:17:59.661,0.0
2018-04-30 16:27:58.054,0.0
2018-05-01 11:13:13.835,0.0
2018-05-01 11:14:33.845,0.0
2018-05-01 11:24:59.438,0.0
2018-05-01 11:34:59.744,0.0
2018-05-01 11:44:59.393,0.0
2018-05-01 11:54:59.710,0.0
2018-05-01 12:05:33.251,0.0
2018-05-01 12:15:33.533,0.0
2018-05-01 12:25:15.487,0.0
2018-05-01 12:41:24.817,0.0
2018-05-01 12:45:34.537,0.0
2018-05-01 12:54:59.049,0.0
2018-05-01 13:06:39.884,0.0
2018-05-01 13:15:15.789,0.0
2018-05-01 13:33:01.555,0.0
2018-05-01 13:34:59.633,0.0
2018-05-01 13:44:57.203,0.0
2018-05-01 13:54:58.344,0.0
2018-05-01 14:04:57.355,0.0
2018-05-01 14:14:57.492,0.0
2018-05-01 14:24:57.273,0.0
2018-05-01 14:34:57.635,0.0
2018-05-01 14:44:58.067,0.0
2018-05-01 14:54:58.338,0.0
2018-05-01 15:04:57.388,0.0
2018-05-01 15:14:57.146,0.0
2018-05-01 15:24:57.818,0.0
2018-05-01 15:34:57.725,0.0
2018-05-01 15:44:57.666,0.0
2018-05-01 15:54:58.570,0.0
2018-05-01 16:04:57.975,0.0
2018-05-01 16:14:56.936,0.0
2018-05-01 16:24:59.202,0.0
2018-05-01 16:34:56.911,0.0
2018-05-01 16:44:56.617,0.0
2018-05-01 16:54:56.976,0.0
2018-05-01 17:04:56.592,0.0
2018-05-01 17:14:59.464,0.0
2018-05-01 17:24:57.004,0.0
2018-05-01 17:34:57.384,0.0
2018-05-01 17:44:58.359,0.0
2018-05-01 17:54:57.041,0.0
2018-05-01 18:04:56.579,0.0
2018-05-01 18:14:57.039,0.0
2018-05-01 18:24:56.680,0.0
2018-05-01 18:34:56.455,0.0
2018-05-01 18:46:15.009,0.0
2018-05-01 18:56:41.676,0.0
2018-05-01 19:06:41.551,0.0
2018-05-01 19:16:40.884,0.0
2018-05-01 19:26:39.951,0.0
2018-05-01 19:36:40.413,0.0
2018-05-01 19:46:41.154,0.0
2018-05-01 19:56:40.729,0.0
2018-05-01 20:06:40.592,0.0
2018-05-01 20:16:39.852,0.0
2018-05-01 20:26:41.555,0.0
2018-05-01 20:36:39.765,0.0
2018-05-01 20:46:40.552,0.0
2018-05-01 20:56:39.813,0.0
2018-05-01 21:06:40.202,0.0
2018-05-01 21:16:40.508,0.0
2018-05-01 21:26:40.199,0.0
2018-05-01 21:36:40.377,0.0
2018-05-01 21:46:39.103,0.0
2018-05-01 21:56:41.444,0.0
2018-05-01 22:06:40.765,0.0
2018-05-01 22:16:39.887,0.0
2018-05-01 22:26:40.495,0.0
2018-05-01 22:36:39.103,0.0
2018-05-01 22:46:40.776,0.0
2018-05-01 22:56:39.718,0.0
2018-05-01 23:06:39.489,0.0
2018-05-01 23:16:44.959,0.0
2018-05-01 23:26:43.426,0.0
2018-05-01 23:36:43.586,0.0
2018-05-01 23:46:43.486,0.0
2018-05-01 23:56:39.766,0.0
2018-05-02 00:06:39.859,0.0
2018-05-02 00:16:39.188,0.0
2018-05-02 00:26:39.589,0.0
2018-05-02 00:36:39.775,0.0
2018-05-02 00:46:39.567,0.0
2018-05-02 00:56:39.170,0.0
2018-05-02 01:06:39.492,0.0
2018-05-02 01:16:39.519,0.0
2018-05-02 01:26:38.877,0.0
2018-05-02 01:36:39.198,0.0
2018-05-02 01:46:39.468,0.0
2018-05-02 01:56:39.161,0.0
2018-05-02 02:06:38.727,0.0
2018-05-02 02:16:38.828,0.0
2018-05-02 02:26:38.811,0.0
2018-05-02 02:36:39.506,0.0
2018-05-02 02:46:39.467,0.0
2018-05-02 02:56:39.150,0.0
2018-05-02 03:06:38.949,0.0
2018-05-02 03:16:39.431,0.0
2018-05-02 03:26:38.933,0.0
2018-05-02 03:36:39.184,0.0
2018-05-02 03:46:38.816,0.0
2018-05-02 03:56:37.925,0.0
2018-05-02 04:06:38.888,0.0
2018-05-02 04:16:37.346,0.0
2018-05-02 04:26:38.952,0.0
2018-05-02 04:41:39.211,0.0
2018-05-02 04:47:01.672,0.0
2018-05-02 04:57:33.232,0.0
2018-05-02 05:07:59.202,0.0
2018-05-02 05:18:03.344,0.0
2018-05-02 05:28:28.944,0.0
2018-05-02 05:38:29.234,0.0
2018-05-02 05:48:28.933,0.0
2018-05-02 05:58:28.612,0.0
2018-05-02 06:08:49.021,0.0
2018-05-02 06:19:14.609,0.0
2018-05-02 06:29:14.867,0.0
2018-05-02 06:39:14.073,0.0
2018-05-02 06:49:14.346,0.0
2018-05-02 06:59:14.007,0.0
2018-05-02 07:09:15.530,0.0
2018-05-02 07:19:15.751,0.0
2018-05-02 07:29:15.004,0.0
2018-05-02 07:39:14.078,0.0
2018-05-02 07:49:14.609,0.0
2018-05-02 07:59:13.435,0.0
2018-05-02 08:09:14.232,0.0
2018-05-02 08:19:14.416,0.0
2018-05-02 08:39:13.992,0.0
2018-05-02 08:49:13.714,0.0
2018-05-02 08:59:14.036,0.0
2018-05-02 09:09:14.572,0.0
2018-05-02 09:39:14.808,0.0
2018-05-02 09:49:13.705,0.0
2018-05-02 09:59:13.971,0.0
2018-05-02 10:09:14.695,0.0
2018-05-02 10:19:13.493,0.0
2018-05-02 10:29:14.120,0.0
2018-05-02 10:39:14.985,0.0
2018-05-02 10:49:13.703,0.0
2018-05-02 10:59:15.524,0.0
2018-05-02 11:09:13.753,0.0
2018-05-02 11:19:14.709,0.0
2018-05-02 11:29:13.756,0.0
2018-05-02 11:39:13.764,0.0
2018-05-02 11:49:16.308,0.0
2018-05-02 11:59:12.192,0.0
2018-05-02 12:09:13.745,0.0
2018-05-02 12:19:14.743,0.0
2018-05-02 12:29:13.099,0.0
2018-05-02 12:39:14.126,0.0
2018-05-02 12:49:14.363,0.0
2018-05-02 12:59:13.529,0.0
2018-05-02 13:09:15.668,0.0
2018-05-02 13:19:13.962,0.0
2018-05-02 13:29:13.247,0.0
2018-05-02 13:39:14.027,0.0
2018-05-02 13:49:13.729,0.0
2018-05-02 13:59:12.045,0.0
2018-05-02 14:09:13.217,0.0
2018-05-02 14:19:14.435,0.0
2018-05-02 14:29:14.166,0.0
2018-05-02 14:39:12.986,0.0
2018-05-02 14:49:12.485,0.0
2018-05-02 14:59:13.519,0.0
2018-05-02 15:09:14.115,0.0
2018-05-02 15:19:12.832,0.0
2018-05-02 15:29:13.269,0.0
2018-05-02 15:39:12.721,0.0
2018-05-02 15:49:13.391,0.0
2018-05-02 15:59:13.901,0.0
2018-05-02 16:09:13.167,0.0
2018-05-02 16:19:12.864,0.0
2018-05-02 16:29:13.044,0.0
2018-05-02 16:39:12.778,0.0
2018-05-02 16:49:12.906,0.0
2018-05-02 16:59:12.775,0.0
2018-05-02 17:09:12.338,0.0
2018-05-02 17:19:12.729,0.0
2018-05-02 17:29:12.335,0.0
2018-05-02 17:39:13.563,0.0
2018-05-02 17:49:12.426,0.0
2018-05-02 17:59:11.415,0.0
2018-05-02 18:09:11.826,0.0
2018-05-02 18:19:12.218,0.0
2018-05-02 18:29:12.396,0.0
2018-05-02 18:39:13.225,0.0
2018-05-02 18:49:12.980,0.0
2018-05-02 18:59:12.498,0.0
2018-05-02 19:09:12.844,0.0
2018-05-02 19:19:12.173,0.0
2018-05-02 19:29:12.912,0.0
2018-05-02 19:39:12.128,0.0
2018-05-02 19:49:12.359,0.0
2018-05-02 19:59:12.126,0.0
2018-05-02 20:09:11.912,0.0
2018-05-02 20:19:12.127,0.0
2018-05-02 20:29:11.803,0.0
2018-05-02 20:39:12.088,0.0
2018-05-02 20:49:12.441,0.0
2018-05-02 20:59:12.120,0.0
2018-05-02 21:09:13.084,0.0
2018-05-02 21:19:15.655,0.0
2018-05-02 21:29:12.130,0.0
2018-05-02 21:39:12.138,0.0
2018-05-02 21:49:12.572,0.0
2018-05-02 21:59:12.026,0.0
2018-05-02 22:09:11.886,0.0
2018-05-02 22:19:11.462,0.0
2018-05-02 22:29:11.831,0.0
2018-05-02 22:39:11.511,0.0
2018-05-03 01:14:57.346,0.0
2018-05-03 01:25:21.668,0.0
2018-05-03 01:35:22.384,0.0
2018-05-03 01:45:20.758,0.0
2018-05-03 01:55:21.096,0.0
2018-05-03 02:05:19.761,0.0
2018-05-03 02:15:21.071,0.0
2018-05-03 02:25:21.442,0.0
2018-05-03 02:35:21.095,0.0
2018-05-03 02:45:19.948,0.0
2018-05-03 02:55:21.434,0.0
2018-05-03 03:05:22.049,0.0
2018-05-03 03:15:21.178,0.0
2018-05-03 03:25:22.059,0.0
2018-05-03 03:35:21.043,0.0
2018-05-03 03:45:21.157,0.0
2018-05-03 03:55:21.036,0.0
2018-05-03 04:05:20.768,0.0
2018-05-03 04:15:20.999,0.0
2018-05-03 04:25:20.661,0.0
2018-05-03 04:35:20.980,0.0
2018-05-03 04:45:21.156,0.0
2018-05-03 04:55:20.454,0.0
2018-05-03 05:05:20.851,0.0
2018-05-03 05:15:19.785,0.0
2018-05-03 05:25:20.265,0.0
2018-05-03 05:35:20.726,0.0
2018-05-03 05:45:20.123,0.0
2018-05-03 05:55:19.964,0.0
2018-05-03 06:05:20.123,0.0
2018-05-03 06:15:21.479,0.0
2018-05-03 06:25:20.914,0.0
2018-05-03 06:35:19.201,0.0
2018-05-03 06:45:19.425,0.0
2018-05-03 06:55:19.961,0.0
2018-05-03 07:05:20.131,0.0
2018-05-03 07:15:20.479,0.0
2018-05-03 07:25:18.485,0.0
2018-05-03 07:35:19.820,0.0
2018-05-03 07:45:20.839,0.0
2018-05-03 07:55:19.812,0.0
2018-05-03 08:05:20.788,0.0
2018-05-03 08:15:19.803,0.0
2018-05-03 08:25:20.093,0.0
2018-05-03 08:35:19.748,0.0
2018-05-03 08:45:20.144,0.0
2018-05-03 08:55:18.616,0.0
2018-05-03 09:05:18.296,0.0
2018-05-03 09:15:21.754,0.0
2018-05-03 09:25:21.932,0.0
2018-05-03 09:45:22.065,0.0
2018-05-03 09:55:20.187,0.0
2018-05-03 10:05:21.248,0.0
2018-05-03 10:15:19.820,0.0
2018-05-03 10:25:18.209,0.0
2018-05-03 10:35:19.145,0.0
2018-05-03 10:45:19.441,0.0
2018-05-03 10:55:19.141,0.0
2018-05-03 11:05:20.095,0.0
2018-05-03 11:15:19.738,0.0
2018-05-03 11:25:20.868,0.0
2018-05-03 11:35:20.319,0.0
2018-05-03 11:45:19.410,0.0
2018-05-03 11:55:18.522,0.0
2018-05-03 12:05:19.808,0.0
2018-05-03 12:15:17.904,0.0
2018-05-03 12:35:17.896,0.0
2018-05-03 12:45:19.129,0.0
2018-05-03 12:55:21.354,0.0
2018-05-03 13:05:19.306,0.0
2018-05-03 13:15:19.127,0.0
2018-05-03 13:25:17.650,0.0
2018-05-03 13:35:19.847,0.0
2018-05-03 13:45:19.999,0.0
2018-05-03 13:55:19.196,0.0
2018-05-03 14:05:18.539,0.0
2018-05-03 14:15:19.155,0.0
2018-05-03 14:25:19.426,0.0
2018-05-03 14:35:18.548,0.0
2018-05-03 14:45:20.297,0.0
2018-05-03 14:55:18.626,0.0
2018-05-03 15:05:18.133,0.0
2018-05-03 15:15:19.172,0.0
2018-05-03 15:25:19.459,0.0
2018-05-03 15:35:19.575,0.0
2018-05-03 15:45:18.787,0.0
2018-05-03 15:55:17.883,0.0
2018-05-03 16:05:17.709,0.0
2018-05-03 16:15:19.405,0.0
2018-05-03 16:25:18.428,0.0
2018-05-03 16:35:19.513,0.0
2018-05-03 16:45:17.447,0.0
2018-05-03 16:55:18.543,0.0
2018-05-03 17:05:19.901,0.0
2018-05-03 17:15:16.971,0.0
2018-05-03 17:25:17.412,0.0
2018-05-03 17:35:17.767,0.0
2018-05-03 17:45:18.187,0.0
2018-05-03 17:55:18.652,0.0
2018-05-03 18:05:18.181,0.0
2018-05-03 18:15:18.745,0.0
2018-05-03 18:25:18.133,0.0
2018-05-03 18:35:16.832,0.0
2018-05-03 18:45:16.854,0.0
2018-05-03 18:55:17.835,0.0
2018-05-03 19:05:20.899,0.0
2018-05-03 19:15:18.393,0.0
2018-05-03 19:35:18.908,0.0
2018-05-03 19:45:18.673,0.0
2018-05-03 19:55:18.924,0.0
2018-05-03 20:05:17.927,0.0
2018-05-03 20:35:19.555,0.0
2018-05-03 20:45:18.488,0.0
2018-05-03 20:55:17.957,0.0
2018-05-03 21:05:18.454,0.0
2018-05-03 21:15:16.573,0.0
2018-05-03 21:25:19.339,0.0
2018-05-03 21:35:19.265,0.0
2018-05-03 21:45:17.579,0.0
2018-05-03 21:55:17.836,0.0
2018-05-03 22:05:20.697,0.0
2018-05-03 22:15:19.150,0.0
2018-05-03 22:25:17.652,0.0
2018-05-03 22:35:16.722,0.0
2018-05-03 22:45:16.022,0.0
2018-05-03 22:55:17.762,0.0
2018-05-03 23:05:18.822,0.0
2018-05-03 23:15:18.205,0.0
2018-08-28 12:17:37.109,0.0
2018-08-28 12:21:44.485,0.0
2018-08-28 12:25:40.045,0.0
2018-08-28 12:36:05.706,0.0
2018-08-28 12:46:03.035,0.0
2018-08-28 12:56:03.750,0.0
2018-08-28 13:06:05.944,0.0
2018-08-28 13:16:03.176,0.0
2018-08-28 13:26:03.104,0.0
2018-08-28 13:36:04.058,0.0
2018-08-28 13:46:05.015,0.0
2018-08-30 19:14:16.622,0.0
2018-09-05 11:25:19.552,0.0
2018-09-14 09:59:55.648,0.0
2018-09-14 11:58:08.560,0.0
2018-09-14 12:08:32.431,0.0
2018-09-14 12:18:33.453,0.0
2018-09-14 12:28:34.146,0.0
2018-09-14 12:38:33.498,0.0
2018-09-14 12:48:33.448,0.0
2018-09-14 12:58:32.189,0.0
2018-09-14 13:08:32.773,0.0
2018-09-14 13:18:33.381,0.0
2018-09-14 13:28:33.613,0.0
2018-09-14 17:48:08.323,0.0
2018-09-14 17:58:31.717,15.366995999999999
2018-09-14 18:08:32.233,0.2794
2018-09-14 18:18:33.694,0.0
2018-09-14 18:28:33.306,0.0
2018-09-14 18:38:32.078,0.0
2018-09-14 18:48:32.624,0.0
2018-09-14 18:58:31.751,0.0
2018-09-14 19:08:33.226,0.0
2018-09-14 19:18:32.158,0.0
2018-09-14 19:28:32.607,0.0
2018-09-14 19:38:31.913,0.0
2018-09-14 19:48:31.541,0.0
2018-09-14 19:58:31.733,0.0
2018-09-14 20:08:31.352,0.0
2018-09-14 20:18:31.699,0.0
2018-09-14 20:28:31.319,0.0
2018-09-14 20:38:32.203,0.0
2018-09-14 20:48:33.624,0.0
2018-09-14 20:58:32.483,0.0
2018-09-14 21:08:32.083,0.0
2018-09-14 21:18:31.059,0.0
2018-09-14 21:28:31.930,0.0
2018-09-14 21:38:31.537,0.0
2018-09-14 21:48:31.416,0.0
2018-09-14 21:58:33.023,0.0
2018-09-14 22:08:31.091,0.0
2018-09-14 22:18:31.075,0.0
2018-09-14 22:28:31.007,0.0
2018-09-14 22:38:31.410,0.0
2018-09-14 22:48:32.779,0.0
2018-09-14 22:58:31.112,0.0
2018-09-14 23:08:31.295,0.0
2018-09-14 23:18:31.168,0.0
2018-09-14 23:28:32.598,0.0
2018-09-14 23:38:31.034,0.0
2018-09-14 23:48:30.716,0.0
2018-09-14 23:58:30.419,0.0
2018-09-15 00:08:31.202,0.0
2018-09-15 00:18:31.582,0.0
2018-09-15 00:28:30.682,0.0
2018-09-15 00:38:47.044,0.0
2018-09-15 00:48:30.764,0.0
2018-09-15 00:58:31.036,0.0
2018-09-15 01:08:31.762,0.0
2018-09-15 01:18:31.962,0.0
2018-09-15 01:28:32.888,0.0
2018-09-15 01:38:30.717,0.0
2018-09-15 01:48:30.357,0.0
2018-09-15 01:58:32.471,0.0
2018-09-15 02:08:30.556,0.0
2018-09-15 02:18:30.190,0.0
2018-09-15 02:28:31.201,0.0
2018-09-15 02:38:32.679,0.0
2018-09-15 02:48:47.502,0.0
2018-09-15 02:58:31.470,0.0
2018-09-15 03:08:32.437,0.0
2018-09-15 03:18:29.526,0.0
2018-09-15 03:28:47.817,0.0
2018-09-15 03:38:29.604,0.0
2018-09-15 03:48:31.790,0.0
2018-09-15 03:58:30.835,0.0
2018-09-15 04:08:30.204,0.0
2018-09-15 04:18:31.217,0.0
2018-09-15 04:28:31.783,0.0
2018-09-15 04:38:46.847,0.0
2018-09-15 04:48:30.584,0.0
2018-09-15 04:58:31.259,0.0
2018-09-15 05:08:30.297,0.0
2018-09-15 05:18:31.474,0.0
2018-09-15 05:28:31.790,0.0
2018-09-15 05:38:31.444,0.0
2018-09-15 05:48:31.777,0.0
2018-09-15 05:58:31.805,0.0
2018-09-15 06:08:29.243,0.0
2018-09-15 06:18:31.490,0.0
2018-09-15 06:28:30.564,0.0
2018-09-15 06:38:30.813,0.0
2018-09-15 06:48:47.314,0.0
2018-09-15 06:58:31.472,0.0
2018-09-15 07:08:31.276,0.0
2018-09-15 07:18:31.297,0.0
2018-09-15 07:28:31.247,0.0
2018-09-15 07:38:29.699,0.0
2018-09-15 07:48:29.450,0.0
2018-09-15 07:58:29.170,0.0
2018-09-15 08:08:31.352,0.0
2018-09-15 08:18:31.375,0.0
2018-09-15 08:28:29.792,0.0
2018-09-15 08:38:31.492,0.0
2018-09-15 08:48:29.344,0.0
2018-09-15 08:58:31.073,0.0
2018-09-15 09:08:29.431,0.0
2018-09-15 09:18:31.212,0.0
2018-09-15 09:28:31.275,0.0
2018-09-15 09:38:29.376,0.0
2018-09-15 09:48:30.711,0.0
2018-09-15 09:58:29.621,0.0
2018-09-15 10:08:30.861,0.0
2018-09-15 10:18:29.532,0.0
2018-09-15 10:28:29.932,0.0
2018-09-15 10:38:29.577,0.0
2018-09-15 10:48:29.637,0.0
2018-09-15 10:58:30.998,0.0
2018-09-15 11:08:31.836,0.0
2018-09-15 11:18:29.105,0.0
2018-09-15 11:28:30.792,0.0
2018-09-15 11:38:30.446,0.0
2018-09-15 11:48:33.062,0.0
2018-09-15 11:58:30.363,0.0
2018-09-15 12:08:31.908,0.0
2018-09-15 12:18:29.198,0.0
2018-09-15 12:28:29.241,0.5588
2018-09-15 12:38:28.741,0.0
2018-09-15 12:48:28.750,1.6764
2018-09-15 12:58:30.768,0.8382
2018-09-15 13:08:30.802,0.5588
2018-09-15 13:18:31.498,0.2794
2018-09-15 13:28:28.749,0.8382
2018-09-15 13:38:30.891,0.5588
2018-09-15 13:48:28.725,0.8382
2018-09-15 13:58:29.897,0.5588
2018-09-15 14:08:29.978,0.5588
2018-09-15 14:18:29.506,0.2794
2018-09-15 14:28:30.056,0.2794
2018-09-15 14:38:30.143,0.0
2018-09-15 14:48:29.166,0.2794
2018-09-15 14:58:29.595,0.0
2018-09-15 15:08:31.835,0.0
2018-09-15 15:18:30.384,0.0
2018-09-15 15:28:28.966,0.0
2018-09-15 15:38:32.076,0.2794
2018-09-15 15:48:29.758,0.0
2018-09-15 15:58:28.142,0.2794
2018-09-15 16:08:29.148,0.8382
2018-09-15 16:18:29.283,0.5588
2018-09-15 16:28:29.906,0.2794
2018-09-15 16:38:30.605,0.0
2018-09-15 16:48:28.557,0.0
2018-09-15 16:58:28.384,0.0
2018-09-15 17:08:29.400,0.0
2018-09-15 17:18:29.000,0.0
2018-09-15 17:28:28.442,0.0
2018-09-15 17:38:29.179,0.0
2018-09-15 17:48:30.453,0.0
2018-09-15 17:58:29.541,0.0
2018-09-15 18:08:28.194,0.0
2018-09-15 18:18:31.978,0.0
2018-09-15 18:28:31.457,0.0
2018-09-15 18:38:31.737,0.0
2018-09-15 18:48:31.451,0.0
2018-09-15 18:58:31.233,0.0
2018-09-15 19:08:33.964,0.0
2018-09-15 19:18:31.125,0.0
2018-09-15 19:28:30.749,0.0
2018-09-15 19:38:34.870,0.0
2018-09-15 19:48:30.764,0.0
2018-09-15 19:58:30.828,0.0
2018-09-15 20:08:31.124,0.0
2018-09-15 20:18:31.014,0.0
2018-09-15 20:28:31.544,0.0
2018-09-15 20:38:31.354,0.0
2018-09-15 20:48:31.271,0.0
2018-09-15 20:58:48.172,0.0
2018-09-15 21:08:31.313,0.0
2018-09-15 21:18:47.507,0.0
2018-09-15 21:28:30.933,0.0
2018-09-15 21:38:48.130,0.0
2018-09-15 21:48:30.187,0.0
2018-09-15 21:58:30.760,0.0
2018-09-15 22:08:31.709,0.0
2018-09-15 22:18:30.424,0.0
2018-09-15 22:28:47.215,0.0
2018-09-15 22:38:30.387,0.0
2018-09-15 22:48:30.475,0.0
2018-09-15 22:58:41.765,0.0
2018-09-15 23:08:33.220,0.0
2018-09-15 23:18:30.912,0.0
2018-09-15 23:28:29.920,0.0
2018-09-15 23:38:32.609,0.0
2018-09-15 23:48:30.849,0.0
2018-09-15 23:58:29.890,0.0
2018-09-16 00:08:30.822,0.0
2018-09-16 00:18:30.491,0.0
2018-09-16 00:28:30.853,0.0
2018-09-16 00:38:29.681,0.0
2018-09-16 00:48:31.376,0.0
2018-09-16 00:58:46.443,0.0
2018-09-16 01:18:29.213,0.0
2018-09-16 01:28:29.340,0.0
2018-09-16 01:38:30.442,0.0
2018-09-16 01:48:28.796,0.0
2018-09-16 01:58:29.391,0.0
2018-09-16 02:08:28.581,0.0
2018-09-16 02:18:30.539,0.0
2018-09-16 02:28:27.726,0.0
2018-09-16 02:38:28.802,0.0
2018-09-16 02:48:28.563,0.0
2018-09-16 02:58:29.731,0.0
2018-09-16 03:08:30.174,0.0
2018-09-16 03:18:30.438,0.0
2018-09-16 03:28:56.362,0.0
2018-09-16 03:38:29.663,0.0
2018-09-16 03:48:29.386,0.0
2018-09-16 03:58:28.514,0.0
2018-09-16 04:08:29.819,0.0
2018-09-16 04:18:39.224,0.0
2018-09-16 04:28:28.453,0.0
2018-09-16 04:38:25.760,0.0
2018-09-16 04:48:45.239,0.0
2018-09-16 04:58:44.224,0.0
2018-09-16 05:08:27.289,0.0
2018-09-16 05:18:27.355,0.0
2018-09-16 05:28:45.176,0.0
2018-09-16 05:38:28.273,0.0
2018-09-16 05:48:37.085,0.0
2018-09-16 06:08:26.690,0.0
2018-09-16 06:18:42.820,0.0
2018-09-16 06:28:28.499,0.0
2018-09-16 06:38:27.482,0.0
2018-09-16 06:48:44.428,0.0
2018-09-16 06:58:29.915,0.0
2018-09-16 07:08:42.689,0.0
2018-09-16 07:18:28.915,0.0
2018-09-16 07:28:29.329,0.0
2018-09-16 07:38:32.075,0.0
2018-09-16 07:48:43.339,0.0
2018-09-16 07:58:28.851,0.0
2018-09-16 08:08:30.692,0.0
2018-09-16 08:18:28.896,0.0
2018-09-16 08:28:43.342,0.0
2018-09-16 08:38:27.562,0.0
2018-09-16 08:48:29.609,0.0
2018-09-16 08:58:29.235,0.0
2018-09-16 09:08:24.857,0.0
2018-09-16 09:18:27.281,0.0
2018-09-16 09:28:25.763,0.0
2018-09-16 09:38:25.426,0.0
2018-09-16 09:48:25.620,0.0
2018-09-16 09:58:27.355,0.0
2018-09-16 10:08:25.370,0.0
2018-09-16 10:18:28.512,0.0
2018-09-16 10:38:28.855,0.0
2018-09-16 10:48:30.044,0.0
2018-09-16 10:58:28.717,0.0
2018-09-16 11:08:28.067,0.0
2018-09-16 11:18:28.360,0.0
2018-09-16 11:28:33.775,0.0
2018-09-16 11:38:37.833,0.0
2018-09-16 11:48:27.523,0.0
2018-09-16 11:58:35.977,0.0
2018-09-16 12:08:28.191,0.0
2018-09-16 12:18:28.723,0.0
2018-09-16 12:28:27.707,0.0
2018-09-16 12:38:28.227,0.0
2018-09-16 12:48:28.654,0.0
2018-09-16 12:58:45.555,0.0
2018-09-16 13:08:26.826,0.0
2018-09-16 13:18:26.113,0.0
2018-09-16 13:28:30.834,0.0
2018-09-16 13:38:28.956,0.0
2018-09-16 13:48:28.696,0.0
2018-09-16 13:58:28.300,0.0
2018-09-16 14:08:28.007,0.0
2018-09-16 14:18:26.244,0.0
2018-09-16 14:28:25.407,0.0
2018-09-16 14:38:28.291,0.0
2018-09-16 14:48:27.610,0.0
2018-09-16 14:58:23.875,0.0
2018-09-16 15:08:28.217,0.0
2018-09-16 15:18:28.377,0.0
2018-09-16 15:28:57.100,0.0
2018-09-16 15:38:28.355,0.0
2018-09-16 15:48:24.711,0.0
2018-09-16 15:58:25.882,0.0
2018-09-16 16:08:24.876,0.0
2018-09-16 16:18:26.720,0.0
2018-09-16 16:28:25.641,0.0
2018-09-16 16:38:24.848,0.0
2018-09-16 16:48:25.041,0.0
2018-09-16 16:58:26.053,0.0
2018-09-16 17:08:24.461,0.0
2018-09-16 17:18:25.676,0.0
2018-09-16 17:28:24.049,0.0
2018-09-16 17:38:24.438,0.0
2018-09-16 17:48:24.120,0.0
2018-09-16 17:58:24.499,0.0
2018-09-16 18:08:27.032,0.0
2018-09-16 18:18:25.832,0.0
2018-09-16 18:28:24.238,0.0
2018-09-16 18:38:24.335,0.0
2018-09-16 18:48:24.565,0.0
2018-09-16 18:58:24.486,0.0
2018-09-16 19:08:25.880,0.0
2018-09-16 19:18:25.989,0.0
2018-09-16 19:28:24.362,0.0
2018-09-16 19:38:24.133,0.0
2018-09-16 19:48:24.403,0.0
2018-09-16 19:58:23.796,0.0
2018-09-16 20:08:25.960,0.0
2018-09-16 20:18:24.223,0.0
2018-09-16 20:28:38.972,0.0
2018-09-16 20:38:25.449,0.0
2018-09-16 20:48:24.566,0.0
2018-09-16 20:58:25.556,0.0
2018-09-16 21:08:23.574,0.0
2018-09-16 21:18:26.156,0.0
2018-09-16 21:28:25.801,0.0
2018-09-16 21:38:23.788,0.0
2018-09-16 21:48:26.442,0.0
2018-09-16 21:58:23.962,0.0
2018-09-16 22:08:25.841,0.0
2018-09-16 22:18:25.740,0.0
2018-09-16 22:28:58.243,0.0
2018-09-16 22:38:23.244,0.0
2018-09-16 22:48:23.394,0.0
2018-09-16 22:58:23.618,0.0
2018-09-16 23:08:25.022,0.0
2018-09-16 23:18:23.593,0.0
2018-09-16 23:28:24.682,0.0
2018-09-16 23:38:23.532,0.0
2018-09-16 23:48:22.917,0.0
2018-09-16 23:58:23.034,0.0
2018-09-17 00:08:24.791,0.0
2018-09-17 00:18:23.173,0.0
2018-09-17 00:28:22.722,0.0
2018-09-17 00:38:26.162,0.0
2018-09-17 00:48:25.316,0.0
2018-09-17 00:58:42.165,0.0
2018-09-17 01:08:23.367,0.0
2018-09-17 01:18:24.174,0.0
2018-09-17 01:28:24.153,0.0
2018-09-17 01:38:23.499,0.0
2018-09-17 01:48:23.857,0.0
2018-09-17 01:58:23.521,0.0
2018-09-17 02:08:24.039,0.0
2018-09-17 02:18:25.146,0.0
2018-09-17 02:28:23.018,0.0
2018-09-17 02:38:23.661,0.0
2018-09-17 02:48:23.264,0.0
2018-09-17 02:58:24.367,0.0
2018-09-17 03:08:22.880,0.0
2018-09-17 03:18:24.232,0.0
2018-09-17 03:28:23.216,0.0
2018-09-17 03:38:24.138,0.0
2018-09-17 03:48:23.431,0.0
2018-09-17 03:58:22.530,0.0
2018-09-17 04:08:40.215,0.0
2018-09-17 04:18:23.822,0.0
2018-09-17 04:28:22.181,0.0
2018-09-17 04:38:22.491,0.0
2018-09-17 04:48:23.488,0.0
2018-09-17 04:58:22.836,0.0
2018-09-17 05:08:23.823,0.0
2018-09-17 05:18:21.891,0.0
2018-09-17 05:28:22.838,0.0
2018-09-17 05:38:23.171,0.0
2018-09-17 05:48:22.857,0.0
2018-09-17 05:58:39.852,0.0
2018-09-17 06:08:23.488,0.0
2018-09-17 06:18:21.401,0.0
2018-09-17 06:28:23.411,0.0
2018-09-17 06:38:23.513,0.0
2018-09-17 06:48:23.010,0.0
2018-09-17 06:58:22.468,0.0
2018-09-17 07:08:23.803,0.0
2018-09-17 07:18:22.161,0.0
2018-09-17 07:28:22.751,0.0
2018-09-17 07:38:24.376,0.0
2018-09-17 07:48:22.546,0.0
2018-09-17 07:58:22.005,0.0
2018-09-17 08:08:23.559,0.0
2018-09-17 08:18:21.756,0.0
2018-09-17 08:28:23.948,0.0
2018-09-17 08:38:23.627,0.0
2018-09-17 08:48:23.158,0.0
2018-09-17 08:58:24.113,0.0
2018-09-17 09:08:21.539,0.0
2018-09-17 09:18:22.336,0.0
2018-09-17 09:28:21.890,0.0
2018-09-17 09:38:22.038,0.0
2018-09-17 09:48:21.869,0.0
2018-09-17 09:58:21.864,0.0
2018-09-17 10:08:23.443,0.0
2018-09-17 10:18:21.752,0.0
2018-09-17 10:28:21.716,0.0
2018-09-17 10:38:21.912,0.0
2018-09-17 10:48:22.009,0.0
2018-09-17 10:58:27.003,0.0
2018-09-17 11:08:24.681,0.0
2018-09-17 11:18:21.313,0.0
2018-09-17 11:28:26.460,0.0
2018-09-17 11:38:24.139,0.0
2018-09-17 11:48:25.043,0.0
2018-09-17 11:58:22.522,0.0
2018-09-17 12:08:24.086,0.0
2018-09-17 12:18:22.573,0.0
2018-09-17 12:28:22.711,0.0
2018-09-17 12:38:22.677,0.0
2018-09-17 12:48:22.811,0.0
2018-09-17 12:58:22.646,0.0
2018-09-17 13:08:26.799,0.0
2018-09-17 13:18:24.257,0.0
2018-09-17 13:28:24.635,0.0
2018-09-17 13:38:24.407,0.0
2018-09-17 13:48:23.356,0.0
2018-09-17 13:58:21.057,0.0
2018-09-17 14:08:22.531,0.0
2018-09-17 14:18:22.120,0.0
2018-09-17 14:28:22.283,0.0
2018-09-17 14:38:23.170,0.0
2018-09-17 14:48:22.970,0.0
2018-09-17 14:58:22.471,0.0
2018-09-17 15:08:20.897,0.0
2018-09-17 15:18:22.283,0.0
2018-09-17 15:28:21.261,0.0
2018-09-17 15:38:21.857,0.0
2018-09-17 15:48:22.139,0.0
2018-09-17 15:58:21.966,0.0
2018-09-17 16:08:20.293,0.0
2018-09-17 16:18:21.959,0.0
2018-09-17 16:28:22.348,0.0
2018-09-17 16:38:20.957,0.0
2018-09-17 16:48:21.418,0.0
2018-09-17 16:58:21.578,0.0
2018-09-17 17:08:23.433,0.0
2018-09-17 17:18:20.978,0.0
2018-09-17 17:28:22.696,0.0
2018-09-17 17:38:21.526,0.0
2018-09-17 17:48:22.401,0.0
2018-09-17 17:58:22.327,0.0
2018-09-17 18:08:21.437,0.0
2018-09-17 18:18:21.008,0.0
2018-09-17 18:28:20.647,0.0
2018-09-17 18:38:20.232,0.0
2018-09-17 18:48:20.619,0.0
2018-09-17 18:58:20.983,0.0
2018-09-17 19:08:21.459,0.0
2018-09-17 19:18:22.095,0.0
2018-09-17 19:28:20.612,0.0
2018-09-17 19:38:20.162,0.0
2018-09-17 19:48:20.618,0.0
2018-09-17 19:58:22.994,0.0
2018-09-17 20:08:23.829,0.0
2018-09-17 20:18:20.278,0.0
2018-09-17 20:28:20.025,0.0
2018-09-17 20:38:19.930,0.0
2018-09-17 20:48:20.149,0.0
2018-09-17 20:58:20.288,0.0
2018-09-17 21:08:22.280,0.0
2018-09-17 21:18:19.845,0.0
2018-09-17 21:28:21.122,0.0
2018-09-17 21:38:22.306,0.0
2018-09-17 21:48:21.933,0.0
2018-09-17 21:58:20.239,0.0
2018-09-17 22:08:19.973,0.0
2018-09-17 22:18:20.416,0.0
2018-09-17 22:28:20.107,0.0
2018-09-17 22:38:20.423,0.0
2018-09-17 22:48:20.901,0.0
2018-09-17 22:58:19.180,0.0
2018-09-17 23:08:20.942,0.0
2018-09-17 23:18:23.481,0.2794
2018-09-17 23:28:19.518,0.2794
2018-09-17 23:38:19.684,0.2794
2018-09-17 23:48:20.123,0.2794
2018-09-17 23:58:19.732,0.2794
2018-09-18 00:08:21.325,0.8382
2018-09-18 00:18:19.747,5.0292
2018-09-18 00:28:19.038,3.911601
2018-09-18 00:38:18.984,4.4704
2018-09-18 00:48:21.146,3.3528
2018-09-18 00:58:19.401,1.9558
2018-09-18 01:08:18.384,0.2794
2018-09-18 01:18:20.033,0.2794
2018-09-18 01:28:20.103,0.8382
2018-09-18 01:38:21.467,0.0
2018-09-18 01:48:38.147,0.2794
2018-09-18 01:58:20.297,0.2794
2018-09-18 02:08:18.999,0.2794
2018-09-18 02:18:19.533,0.2794
2018-09-18 02:28:34.287,0.0
2018-09-18 02:38:19.011,0.2794
2018-09-18 02:48:18.994,0.5588
2018-09-18 02:58:18.793,0.2794
2018-09-18 03:08:48.577,0.2794
2018-09-18 03:18:19.959,0.5588
2018-09-18 03:28:35.781,0.5588
2018-09-18 03:38:20.953,0.5588
2018-09-18 03:48:18.274,0.5588
2018-09-18 03:58:20.242,0.2794
2018-09-18 04:08:20.975,0.2794
2018-09-18 04:19:00.139,0.0
2018-09-18 04:28:18.976,0.0
2018-09-18 04:38:19.712,0.0
2018-09-18 04:48:19.347,0.0
2018-09-18 04:58:18.675,0.0
2018-09-18 05:08:20.757,0.0
2018-09-18 05:18:20.969,0.0
2018-09-18 05:28:22.374,0.0
2018-09-18 05:38:19.199,0.0
2018-09-18 05:48:17.812,0.0
2018-09-18 05:58:19.004,0.0
2018-09-18 06:08:18.927,0.0
2018-09-18 06:18:19.661,0.0
2018-09-18 06:28:18.049,0.0
2018-09-18 06:38:20.435,0.0
2018-09-18 06:48:18.798,0.0
2018-09-18 06:58:19.341,0.0
2018-09-18 07:08:18.319,0.0
2018-09-18 07:18:18.153,0.0
2018-09-18 07:28:18.430,0.0
2018-09-18 07:38:17.826,0.0
2018-09-18 07:48:17.754,0.0
2018-09-18 07:58:18.102,0.0
2018-09-18 08:08:17.431,0.0
2018-09-18 08:18:17.665,0.0
2018-09-18 08:28:17.771,0.0
2018-09-18 08:38:18.434,0.0
2018-09-18 08:48:17.486,0.0
2018-09-18 08:58:19.427,0.0
2018-09-18 09:08:18.784,0.0
2018-09-18 09:18:20.396,0.0
2018-09-18 09:28:19.591,0.0
2018-09-18 09:38:19.574,0.0
2018-09-18 09:48:32.889,0.0
2018-09-18 09:58:19.515,0.0
2018-09-18 10:08:17.673,0.0
2018-09-18 10:18:17.647,0.0
2018-09-18 10:28:19.379,0.0
2018-09-18 10:38:20.416,0.0
2018-09-18 10:48:19.952,0.0
2018-09-18 10:58:21.022,0.0
2018-09-18 11:08:18.604,0.0
2018-09-18 11:18:19.190,0.0
2018-09-18 11:28:19.947,0.0
2018-09-18 11:38:19.184,0.0
2018-09-18 11:48:19.308,0.0
2018-09-18 11:58:17.893,0.0
2018-09-18 12:08:17.602,0.0
2018-09-18 12:18:18.758,0.0
2018-09-18 12:28:17.834,0.0
2018-09-18 12:38:19.931,0.0
2018-09-18 12:48:17.712,0.0
2018-09-18 12:58:17.215,0.0
2018-09-18 13:08:17.798,0.0
2018-09-18 13:18:17.953,0.0
2018-09-18 13:28:18.554,0.0
2018-09-18 13:38:17.144,0.0
2018-09-18 13:48:18.389,0.0
2018-09-18 13:58:18.281,0.0
2018-09-18 14:08:20.162,0.0
2018-09-18 14:18:16.754,0.0
2018-09-18 14:28:18.804,0.0
2018-09-18 14:38:17.629,0.0
2018-09-18 14:48:18.825,0.0
2018-09-18 14:58:17.020,0.0
2018-09-18 15:08:16.593,0.0
2018-09-18 15:18:17.787,0.0
2018-09-18 15:28:16.819,0.0
2018-09-18 15:38:17.333,0.0
2018-09-18 15:48:25.661,0.0
2018-09-18 15:58:17.096,0.0
2018-09-18 16:08:19.124,0.0
2018-09-18 16:18:17.036,0.0
2018-09-18 16:28:17.846,0.0
2018-09-18 16:38:18.339,0.0
2018-09-18 16:48:16.848,0.0
2018-09-18 16:58:18.474,0.0
2018-09-18 17:08:18.133,0.0
2018-09-18 17:18:18.529,0.0
2018-09-18 17:28:16.908,0.0
2018-09-18 17:38:16.723,0.0
2018-09-18 17:48:16.914,0.0
2018-09-18 17:58:18.521,0.0
2018-09-18 18:08:16.286,0.0
2018-09-18 18:18:19.127,0.0
2018-09-18 18:28:17.245,0.0
2018-09-18 18:38:16.699,0.0
2018-09-18 18:48:18.099,0.0
2018-09-18 18:58:16.442,0.0
2018-09-18 19:08:16.932,0.0
2018-09-18 19:18:16.633,0.0
2018-09-18 19:28:18.520,0.0
2018-09-18 19:38:16.723,0.0
2018-09-18 19:48:19.064,0.0
2018-09-18 19:58:17.358,0.0
2018-09-18 20:08:18.212,0.0
2018-09-18 20:18:16.332,0.0
2018-09-18 20:28:15.977,0.0
2018-09-18 20:38:16.257,0.0
2018-09-18 20:48:16.335,0.0
2018-09-18 20:58:15.858,0.0
2018-09-18 21:08:15.946,0.0
2018-09-18 21:18:18.597,0.0
2018-09-18 21:28:16.863,0.0
2018-09-18 21:38:18.192,0.0
2018-09-18 21:48:16.136,0.0
2018-09-18 21:58:16.181,0.0
2018-09-18 22:08:16.326,0.0
2018-09-18 22:18:16.376,0.0
2018-09-18 22:28:16.365,0.0
2018-09-18 22:38:15.782,0.0
2018-09-18 22:48:17.235,0.0
2018-09-18 22:58:17.167,0.0
2018-09-18 23:08:15.954,0.0
2018-09-18 23:18:15.722,0.0
2018-09-18 23:28:15.361,0.0
2018-09-18 23:38:16.426,0.0
2018-09-18 23:48:15.310,0.0
2018-09-18 23:58:15.933,0.0
2018-09-19 00:08:15.900,0.0
2018-09-19 00:18:15.927,0.0
2018-09-19 00:28:16.537,0.0
2018-09-19 00:38:14.850,0.0
2018-09-19 00:48:15.255,0.0
2018-09-19 00:58:15.439,0.0
2018-09-19 01:08:15.313,0.0
2018-09-19 01:18:17.429,0.0
2018-09-19 01:28:16.083,0.0
2018-09-19 01:38:17.334,0.0
2018-09-19 01:48:17.415,0.0
2018-09-19 01:58:17.220,0.0
2018-09-19 02:08:15.749,0.0
2018-09-19 02:18:16.664,0.0
2018-09-19 02:28:17.074,0.0
2018-09-19 02:38:15.920,0.0
2018-09-19 02:48:14.201,0.0
2018-09-19 02:58:14.837,0.0
2018-09-19 03:08:16.480,0.0
2018-09-19 03:18:15.787,0.0
2018-09-19 03:28:15.924,0.0
2018-09-19 03:38:15.208,0.0
2018-09-19 03:48:16.586,0.0
2018-09-19 03:58:16.334,0.0
2018-09-19 04:08:16.527,0.0
2018-09-19 04:18:16.315,0.0
2018-09-19 04:28:18.412,0.0
2018-09-19 04:38:15.171,0.0
2018-09-19 04:48:15.612,0.0
2018-09-19 04:58:15.067,0.0
2018-09-19 05:08:16.173,0.0
2018-09-19 05:18:14.685,0.0
2018-09-19 05:28:32.274,0.0
2018-09-19 05:38:16.781,0.0
2018-09-19 05:48:16.164,0.0
2018-09-19 05:58:15.277,0.0
2018-09-19 06:08:15.170,0.0
2018-09-19 06:18:13.899,0.0
2018-09-19 06:28:15.755,0.0
2018-09-19 06:38:15.828,0.0
2018-09-19 06:48:14.411,0.0
2018-09-19 06:58:16.043,0.0
2018-09-19 07:08:14.027,0.0
2018-09-19 07:18:14.735,0.0
2018-09-19 07:28:16.375,0.0
2018-09-19 07:38:14.705,0.0
2018-09-19 07:48:16.658,0.0
2018-09-19 07:58:14.090,0.0
2018-09-19 08:08:15.820,0.0
2018-09-19 08:18:14.488,0.0
2018-09-19 08:28:15.745,0.0
2018-09-19 08:38:14.078,0.0
2018-09-19 08:48:14.503,0.0
2018-09-19 08:58:15.967,0.0
2018-09-19 09:08:14.147,0.0
2018-09-19 09:18:16.155,0.0
2018-09-19 09:28:14.245,0.0
2018-09-19 09:38:14.063,0.0
2018-09-19 09:48:13.885,0.0
2018-09-19 09:58:14.195,0.0
2018-09-19 10:08:15.351,0.0
2018-09-19 10:18:13.797,0.0
2018-09-19 10:28:15.554,0.0
2018-09-19 10:38:13.924,0.0
2018-09-19 10:48:13.573,0.0
2018-09-19 10:58:14.071,0.0
2018-09-19 11:08:13.590,0.0
2018-09-19 11:18:16.699,0.0
2018-09-19 11:28:15.402,0.0
2018-09-19 11:38:14.273,0.0
2018-09-19 11:48:14.643,0.0
2018-09-19 11:58:15.724,0.0
2018-09-19 12:08:14.069,0.0
2018-09-19 12:18:14.192,0.0
2018-09-19 12:28:14.087,0.0
2018-09-19 12:38:33.531,0.0
2018-09-19 12:48:14.616,0.0
2018-09-19 12:58:13.597,0.0
2018-09-19 13:08:13.889,0.0
2018-09-19 13:18:14.975,0.0
2018-09-19 13:28:13.630,0.0
2018-09-19 13:38:13.387,0.0
2018-09-19 13:48:13.921,0.0
2018-09-19 13:58:13.485,0.0
2018-09-19 14:08:14.383,0.0
2018-09-19 14:18:12.919,0.0
2018-09-19 14:28:14.113,0.0
2018-09-19 14:38:13.847,0.0
2018-09-19 14:48:14.864,0.0
2018-09-19 14:58:12.845,0.0
2018-09-19 15:08:13.221,0.0
2018-09-19 15:18:13.593,0.0
2018-09-19 15:28:15.184,0.0
2018-09-19 15:38:13.866,0.0
2018-09-19 15:48:13.215,0.0
2018-09-19 15:58:13.582,0.0
2018-09-19 16:08:12.338,0.0
2018-09-19 16:18:13.295,0.0
2018-09-19 16:28:14.437,0.0
2018-09-19 16:38:12.924,0.0
2018-09-19 16:48:13.282,0.0
2018-09-19 16:58:13.482,0.0
2018-09-19 17:08:14.633,0.0
2018-09-19 17:18:14.569,0.0
2018-09-19 17:28:13.437,0.0
2018-09-19 17:38:12.478,0.0
2018-09-19 17:48:13.946,0.0
2018-09-19 17:58:12.443,0.0
2018-09-19 18:08:12.572,0.0
2018-09-19 18:18:12.208,0.0
2018-09-19 18:28:13.052,0.0
2018-09-19 18:38:13.051,0.0
2018-09-19 18:48:12.267,0.0
2018-09-19 18:58:13.819,0.0
2018-09-19 19:08:14.419,0.0
2018-09-19 19:18:12.747,0.0
2018-09-19 19:28:12.195,0.0
2018-09-19 19:38:12.462,0.0
2018-09-19 19:48:14.559,0.0
2018-09-19 19:58:14.434,0.0
2018-09-19 20:08:13.379,0.0
2018-09-19 20:18:14.130,0.0
2018-09-19 20:28:13.902,0.0
2018-09-19 20:38:14.173,0.0
2018-09-19 20:48:13.495,0.0
2018-09-19 20:58:12.284,0.0
2018-09-19 21:08:12.192,0.0
2018-09-19 21:18:11.991,0.0
2018-09-19 21:28:12.542,0.0
2018-09-19 21:38:13.284,0.0
2018-09-19 21:48:14.383,0.0
2018-09-19 21:58:11.823,0.0
2018-09-19 22:08:12.602,0.0
2018-09-19 22:18:13.184,0.0
2018-09-19 22:28:14.247,0.0
2018-09-19 22:38:11.783,0.0
2018-09-19 22:48:13.521,0.0
2018-09-19 22:58:13.222,0.0
2018-09-19 23:08:11.676,0.0
2018-09-19 23:18:12.272,0.0
2018-09-19 23:28:11.794,0.0
2018-09-19 23:38:11.871,0.0
2018-09-19 23:48:12.041,0.0
2018-09-19 23:58:11.738,0.0
2018-09-20 00:08:13.121,0.0
2018-09-20 00:18:13.107,0.0
2018-09-20 00:28:11.406,0.0
2018-09-20 00:38:13.369,0.0
2018-09-20 00:48:30.069,0.0
2018-09-20 00:58:12.975,0.0
2018-09-20 01:08:12.631,0.0
2018-09-20 01:18:13.663,0.0
2018-09-20 01:28:30.102,0.0
2018-09-20 01:38:13.386,0.0
2018-09-20 01:48:14.842,0.0
2018-09-20 01:58:12.490,0.0
2018-09-20 02:08:13.123,0.0
2018-09-20 02:18:10.556,0.0
2018-09-20 02:28:12.728,0.0
2018-09-20 02:38:10.557,0.0
2018-09-20 02:48:12.339,0.0
2018-09-20 02:58:27.792,0.0
2018-09-20 03:08:12.089,0.0
2018-09-20 03:18:12.208,0.0
2018-09-20 03:28:12.315,0.0
2018-09-20 03:38:40.567,0.0
2018-09-20 03:48:12.011,0.0
2018-09-20 03:58:10.003,0.0
2018-09-20 04:08:10.881,0.0
2018-09-20 04:18:11.156,0.0
2018-09-20 04:28:27.632,0.0
2018-09-20 04:38:11.678,0.0
2018-09-20 04:48:10.538,0.0
2018-09-20 04:58:11.872,0.0
2018-09-20 05:08:28.132,0.0
2018-09-20 05:18:11.359,0.0
2018-09-20 05:28:27.970,0.0
2018-09-20 05:38:11.414,0.0
2018-09-20 05:48:10.737,0.0
2018-09-20 05:58:11.189,0.0
2018-09-20 06:08:11.324,0.0
2018-09-20 06:18:10.366,0.0
2018-09-20 06:28:11.943,0.0
2018-09-20 06:38:28.000,0.0
2018-09-20 06:48:11.763,0.0
2018-09-20 06:58:10.776,0.0
2018-09-20 07:08:10.179,0.0
2018-09-20 07:18:10.838,0.0
2018-09-20 07:28:10.620,0.0
2018-09-20 07:38:09.943,0.0
2018-09-20 07:48:10.621,0.0
2018-09-20 07:58:10.088,0.0
2018-09-20 08:08:10.672,0.0
2018-09-20 08:18:09.977,0.0
2018-09-20 08:28:11.885,0.0
2018-09-20 08:38:12.282,0.0
2018-09-20 08:48:10.212,0.0
2018-09-20 09:08:10.638,0.0
2018-09-20 09:18:12.104,0.0
2018-09-20 09:28:09.756,0.0
2018-09-20 09:38:10.583,0.0
2018-09-20 09:48:10.500,0.0
2018-09-20 09:58:09.686,0.0
2018-09-20 10:08:09.594,0.0
2018-09-20 10:18:11.291,0.0
2018-09-20 10:28:13.188,0.0
2018-09-20 10:38:10.071,0.0
2018-09-20 10:48:10.021,0.0
2018-09-20 10:58:10.345,0.0
2018-09-20 11:08:12.049,0.0
2018-09-20 11:38:09.345,0.0
2018-09-20 11:48:10.330,0.0
2018-09-20 11:58:10.106,0.0
2018-09-20 12:08:10.935,0.0
2018-09-20 12:18:09.846,0.0
2018-09-20 12:28:10.869,0.0
2018-09-20 12:38:09.490,0.0
2018-09-20 12:48:10.750,0.0
2018-09-20 12:58:09.709,0.0
2018-09-20 13:08:11.459,0.0
2018-09-20 13:18:09.794,0.0
2018-09-20 13:28:09.805,0.0
2018-09-20 13:38:09.976,0.0
2018-09-20 13:48:11.767,0.0
2018-09-20 13:58:09.233,0.0
2018-09-20 14:08:11.281,0.0
2018-09-20 14:18:09.307,0.0
2018-09-20 14:28:11.399,0.0
2018-09-20 14:38:11.155,0.0
2018-09-20 14:48:11.066,0.0
2018-09-20 14:58:09.310,0.0
2018-09-20 15:08:09.142,0.0
2018-09-20 15:18:12.056,0.0
2018-09-20 15:28:11.972,0.0
2018-09-20 15:38:11.014,0.0
2018-09-20 15:48:09.357,0.0
2018-09-20 15:58:09.083,0.0
2018-09-20 16:08:09.439,0.0
2018-09-20 16:18:10.696,0.0
2018-09-20 16:28:10.819,0.0
2018-09-20 16:38:08.589,0.0
2018-09-20 16:48:10.904,0.0
2018-09-20 16:58:11.306,0.0
2018-09-20 17:08:10.770,0.0
2018-09-20 17:18:10.695,0.0
2018-09-20 17:28:08.752,0.0
2018-09-20 17:38:08.571,0.0
2018-09-20 17:48:10.854,0.0
2018-09-20 17:58:09.014,0.0
2018-09-20 18:08:08.511,0.0
2018-09-20 18:18:09.504,0.0
2018-09-20 18:28:10.165,0.0
2018-09-20 18:38:09.634,0.0
2018-09-20 18:48:08.379,0.0
2018-09-20 18:58:08.245,0.0
2018-09-20 19:08:09.307,0.0
2018-09-20 19:18:08.751,0.0
2018-09-20 19:28:09.608,0.0
2018-09-20 19:38:09.101,0.0
2018-09-20 19:48:10.255,0.0
2018-09-20 19:58:10.340,0.0
2018-09-20 20:08:08.672,0.0
2018-09-20 20:18:09.137,0.0
2018-09-20 20:28:11.168,0.0
2018-09-20 20:38:08.657,0.0
2018-09-20 20:48:08.814,0.0
2018-09-20 20:58:07.932,0.0
2018-09-20 21:08:08.664,0.0
2018-09-20 21:18:08.352,0.0
2018-09-20 21:28:08.276,0.0
2018-09-20 21:38:08.059,0.0
2018-09-20 21:48:08.843,0.0
2018-09-20 21:58:08.137,0.0
2018-09-20 22:08:08.680,0.0
2018-09-20 22:18:08.344,0.0
2018-09-20 22:28:08.019,0.0
2018-09-20 22:38:08.110,0.0
2018-09-20 22:48:07.632,0.0
2018-09-20 22:58:07.569,0.0
2018-09-20 23:08:08.205,0.0
2018-09-20 23:18:07.994,0.0
2018-09-20 23:28:07.639,0.0
2018-09-20 23:38:07.314,0.0
2018-09-20 23:48:08.090,0.0
2018-09-20 23:58:07.426,0.0
2018-09-21 00:08:09.542,0.0
2018-09-21 00:18:09.189,0.0
2018-09-21 00:28:09.327,0.0
2018-09-21 00:38:07.263,0.0
2018-09-21 00:48:07.572,0.0
2018-09-21 00:58:07.416,0.0
2018-09-21 01:08:08.826,0.0
2018-09-21 01:18:07.621,0.0
2018-09-21 01:28:24.697,0.0
2018-09-21 01:38:07.506,0.0
2018-09-21 01:48:08.969,0.0
2018-09-21 01:58:08.939,0.0
2018-09-21 02:08:08.377,0.0
2018-09-21 02:18:07.210,0.0
2018-09-21 02:28:09.112,0.0
2018-09-21 02:38:07.874,0.0
2018-09-21 02:48:06.956,0.0
2018-09-21 02:58:07.768,0.0
2018-09-21 03:08:06.331,0.0
2018-09-21 03:18:07.147,0.0
2018-09-21 03:28:08.111,0.0
2018-09-21 03:38:08.578,0.0
2018-09-21 03:48:06.827,0.0
2018-09-21 03:58:10.068,0.0
2018-09-21 04:08:08.088,0.0
2018-09-21 04:18:06.713,0.0
2018-09-21 04:28:08.127,0.0
2018-09-21 04:38:07.536,0.0
2018-09-21 04:48:23.977,0.0
2018-09-21 04:58:09.202,0.0
2018-09-21 05:08:08.018,0.0
2018-09-21 05:18:07.135,0.0
2018-09-21 05:28:08.132,0.0
2018-09-21 05:38:07.826,0.0
2018-09-21 05:48:11.153,0.0
2018-09-21 05:58:07.831,0.0
2018-09-21 06:08:07.499,0.0
2018-09-21 06:18:07.322,0.0
2018-09-21 06:28:06.865,0.0
2018-09-21 06:38:06.982,0.0
2018-09-21 06:48:07.420,0.0
2018-09-21 06:58:24.184,0.0
2018-09-21 07:08:06.731,0.0
2018-09-21 07:18:07.055,0.0
2018-09-21 07:28:06.346,0.0
2018-09-21 07:38:06.125,0.0
2018-09-21 07:48:07.691,0.0
2018-09-21 07:58:06.190,0.0
2018-09-21 08:08:06.713,0.0
2018-09-21 08:18:06.474,0.0
2018-09-21 08:28:06.321,0.0
2018-09-21 08:38:06.274,0.0
2018-09-21 08:48:08.894,0.0
2018-09-21 09:08:07.272,0.0
2018-09-21 09:18:06.458,0.0
2018-09-21 09:28:06.130,0.0
2018-09-21 09:38:06.132,0.0
2018-09-21 09:48:06.391,0.0
2018-09-21 09:58:06.486,0.0
2018-09-21 10:08:06.090,0.0
2018-09-21 10:18:06.511,0.0
2018-09-21 10:28:08.783,0.0
2018-09-21 10:38:06.771,0.0
2018-09-21 10:48:06.612,0.0
2018-09-21 10:58:07.434,0.0
2018-09-21 11:08:06.168,0.0
2018-09-21 11:18:06.538,0.0
2018-09-21 11:28:05.131,0.0
2018-09-21 11:38:06.434,0.0
2018-09-21 11:48:06.211,0.0
2018-09-21 11:58:06.367,0.0
2018-09-21 12:08:05.947,0.0
2018-09-21 12:18:05.633,0.0
2018-09-21 12:28:07.049,0.0
2018-09-21 12:38:05.975,0.0
2018-09-21 12:48:06.081,0.0
2018-09-21 12:58:05.386,0.0
2018-09-21 13:08:07.102,0.0
2018-09-21 13:18:10.219,0.0
2018-09-21 13:28:05.600,0.0
2018-09-21 13:38:08.092,0.0
2018-09-21 13:48:06.175,0.0
2018-09-21 13:58:05.873,0.0
2018-09-21 14:08:07.704,0.0
2018-09-21 14:18:08.329,0.0
2018-09-21 14:28:05.465,0.0
2018-09-21 14:38:06.103,0.0
2018-09-21 14:48:07.334,0.0
2018-09-21 14:58:06.846,0.0
2018-09-21 15:08:05.087,0.0
2018-09-21 15:18:05.896,0.0
2018-09-21 15:28:05.534,0.0
2018-09-21 15:38:06.144,0.0
2018-09-21 15:48:07.904,0.0
2018-09-21 15:58:04.784,0.0
2018-09-21 16:08:05.610,0.0
2018-09-21 16:18:05.651,0.0
2018-09-21 16:28:05.675,0.0
2018-09-21 16:38:07.165,0.0
2018-09-21 16:48:05.171,0.0
2018-09-21 16:58:05.397,0.0
2018-09-21 17:08:05.018,0.0
2018-09-21 17:18:07.704,0.0
2018-09-21 17:28:05.469,0.0
2018-09-21 17:38:04.781,0.0
2018-09-21 17:48:07.948,0.0
2018-09-21 17:58:05.140,0.0
2018-09-21 18:08:05.380,0.0
2018-09-21 18:18:06.350,0.0
2018-09-21 18:28:06.723,0.0
2018-09-21 18:38:04.475,0.0
2018-09-21 18:48:06.585,0.0
2018-09-21 18:58:08.526,0.0
2018-09-21 19:08:06.304,0.0
2018-09-21 19:18:07.280,0.0
2018-09-21 19:28:04.873,0.0
2018-09-21 19:38:06.279,0.0
2018-09-21 19:48:07.095,0.0
2018-09-21 19:58:04.484,0.0
2018-09-21 20:08:05.771,0.0
2018-09-21 20:18:04.434,0.0
2018-09-21 20:28:04.646,0.0
2018-09-21 20:38:06.460,0.0
2018-09-21 20:48:04.629,0.0
2018-09-21 20:58:07.117,0.0
2018-09-21 21:08:04.445,0.0
2018-09-21 21:18:04.551,0.0
2018-09-21 21:28:06.198,0.0
2018-09-21 21:38:05.805,0.0
2018-09-21 21:48:04.508,0.0
2018-09-21 21:58:05.335,0.0
2018-09-21 22:08:05.733,0.0
2018-09-21 22:18:03.800,0.0
2018-09-21 22:28:03.802,0.0
2018-09-21 22:38:04.829,0.0
2018-09-21 22:48:03.809,0.0
2018-09-21 22:58:04.256,0.0
2018-09-21 23:08:04.190,0.0
2018-09-21 23:18:04.125,0.0
2018-09-21 23:28:03.816,0.0
2018-09-21 23:38:03.349,0.0
2018-09-21 23:48:04.487,0.0
2018-09-21 23:58:04.748,0.0
2018-09-22 00:08:05.417,0.0
2018-09-22 00:18:03.523,0.0
2018-09-22 00:28:06.345,0.0
2018-09-22 00:38:06.054,0.0
2018-09-22 00:48:05.047,0.0
2018-09-22 00:58:03.462,0.0
2018-09-22 01:08:21.185,0.0
2018-09-22 01:18:05.697,0.0
2018-09-22 01:28:03.178,0.0
2018-09-22 01:38:02.974,0.0
2018-09-22 01:48:03.184,0.0
2018-09-22 01:58:03.151,0.0
2018-09-22 02:08:03.954,0.0
2018-09-22 02:18:05.172,0.0
2018-09-22 02:28:02.491,0.0
2018-09-22 02:38:21.048,0.0
2018-09-22 02:48:05.425,0.0
2018-09-22 02:58:33.122,0.0
2018-09-22 03:08:03.000,0.0
2018-09-22 03:18:05.701,0.0
2018-09-22 03:28:02.993,0.0
2018-09-22 03:38:05.259,0.0
2018-09-22 03:48:03.162,0.0
2018-09-22 03:58:04.800,0.0
2018-09-22 04:08:33.302,0.0
2018-09-22 04:18:04.960,0.0
2018-09-22 04:28:03.202,0.0
2018-09-22 04:38:02.846,0.0
2018-09-22 04:48:03.259,0.0
2018-09-22 04:58:02.823,0.0
2018-09-22 05:08:02.730,0.0
2018-09-22 05:18:05.296,0.0
2018-09-22 05:28:02.019,0.0
2018-09-22 05:38:04.518,0.0
2018-09-22 05:48:04.925,0.0
2018-09-22 05:58:04.755,0.0
2018-09-22 06:08:04.277,0.0
2018-09-22 06:18:04.630,0.0
2018-09-22 06:28:04.916,0.0
2018-09-22 06:38:02.567,0.0
2018-09-22 06:48:05.329,0.0
2018-09-22 06:58:02.390,0.0
2018-09-22 07:08:03.684,0.0
2018-09-22 07:18:04.036,0.0
2018-09-22 07:28:01.886,0.0
2018-09-22 07:38:04.801,0.0
2018-09-22 07:48:03.769,0.0
2018-09-22 07:58:02.266,0.0
2018-09-22 08:08:02.847,0.0
2018-09-22 08:18:02.557,0.0
2018-09-22 08:28:02.509,0.0
2018-09-22 08:38:04.212,0.0
2018-09-22 08:48:02.481,0.0
2018-09-22 08:58:02.198,0.0
2018-09-22 09:08:02.469,0.0
2018-09-22 09:18:05.381,0.0
2018-09-22 09:28:02.323,0.0
2018-09-22 09:38:03.477,0.0
2018-09-22 09:48:03.080,0.0
2018-09-22 09:58:03.899,0.0
2018-09-22 10:08:01.926,0.0
2018-09-22 10:18:03.499,0.0
2018-09-22 10:28:01.956,0.0
2018-09-22 10:38:02.286,0.0
2018-09-22 10:48:03.581,0.0
2018-09-22 10:58:04.612,0.0
2018-09-22 11:08:01.915,0.0
2018-09-22 11:18:03.660,0.0
2018-09-22 11:28:03.185,0.0
2018-09-22 11:38:04.101,0.0
2018-09-22 11:48:02.513,0.0
2018-09-22 11:58:01.796,0.0
2018-09-22 12:08:03.720,0.0
2018-09-22 12:18:01.833,0.0
2018-09-22 12:28:02.104,0.0
2018-09-22 12:38:03.525,0.0
2018-09-22 12:48:02.321,0.0
2018-09-22 12:58:02.049,0.0
2018-09-22 13:08:02.488,0.0
2018-09-22 13:18:01.799,0.0
2018-09-22 13:28:01.470,0.0
2018-09-22 13:38:03.360,0.0
2018-09-22 13:48:02.191,0.0
2018-09-22 13:58:02.027,0.0
2018-09-22 14:08:12.426,0.0
2018-09-22 14:18:01.984,0.0
2018-09-22 14:28:04.454,0.0
2018-09-22 14:38:01.904,0.0
2018-09-22 14:48:03.219,0.0
2018-09-22 14:58:01.488,0.0
2018-09-22 15:08:01.480,0.0
2018-09-22 15:18:01.862,0.0
2018-09-22 15:28:01.756,0.0
2018-09-22 15:38:01.855,0.0
2018-09-22 15:48:01.681,0.0
2018-09-22 15:58:03.358,0.0
2018-09-22 16:08:02.061,0.0
2018-09-22 16:18:02.975,0.0
2018-09-22 16:28:04.045,0.0
2018-09-22 16:38:01.407,0.0
2018-09-22 16:48:01.608,0.0
2018-09-22 16:58:01.469,0.0
2018-09-22 17:08:01.473,0.0
2018-09-22 17:18:01.361,0.0
2018-09-22 17:28:03.009,0.0
2018-09-22 17:38:01.541,0.0
2018-09-22 17:48:01.162,0.0
2018-09-22 17:58:01.152,0.0
2018-09-22 18:08:03.613,0.0
2018-09-22 18:18:00.923,0.0
2018-09-22 18:28:01.027,0.0
2018-09-22 18:38:01.595,0.0
2018-09-22 18:48:01.977,0.0
2018-09-22 18:58:00.779,0.0
2018-09-22 19:08:01.184,0.0
2018-09-22 19:18:02.104,0.0
2018-09-22 19:28:00.128,0.0
2018-09-22 19:38:00.542,0.0
2018-09-22 19:48:01.020,0.0
2018-09-22 19:58:00.857,0.0
2018-09-22 20:08:00.781,0.0
2018-09-22 20:18:02.612,0.0
2018-09-22 20:28:00.620,0.0
2018-09-22 20:38:00.354,0.0
2018-09-22 20:48:00.603,0.0
2018-09-22 20:58:00.306,0.0
2018-09-22 21:08:02.760,0.0
2018-09-22 21:17:59.607,0.0
2018-09-22 21:28:00.968,0.0
2018-09-22 21:38:03.516,0.0
2018-09-22 21:48:00.002,0.0
2018-09-22 21:58:01.534,0.0
2018-09-22 22:08:00.159,0.0
2018-09-22 22:18:00.299,0.0
2018-09-22 22:28:02.037,0.0
2018-09-22 22:38:00.780,0.0
2018-09-22 22:48:01.940,0.0
2018-09-22 22:58:00.737,0.0
2018-09-22 23:07:59.965,0.0
2018-09-22 23:18:02.309,0.0
2018-09-22 23:28:01.278,0.0
2018-09-22 23:37:59.609,0.0
2018-09-22 23:48:00.414,0.0
2018-09-22 23:57:59.676,0.0
2018-09-23 00:08:01.115,0.0
2018-09-23 00:18:00.213,0.0
2018-09-23 00:27:59.809,0.0
2018-09-23 00:37:59.986,0.0
2018-09-23 00:47:59.360,0.0
2018-09-23 00:58:01.533,0.0
2018-09-23 01:07:59.262,0.0
2018-09-23 01:18:00.856,0.0
2018-09-23 01:28:01.648,0.0
2018-09-23 01:38:00.942,0.0
2018-09-23 01:48:01.214,0.0
2018-09-23 01:58:01.190,0.0
2018-09-23 02:07:59.399,0.0
2018-09-23 02:17:59.832,0.0
2018-09-23 02:28:00.993,0.0
2018-09-23 02:37:59.052,0.0
2018-09-23 02:48:00.840,0.0
2018-09-23 02:58:01.272,0.0
2018-09-23 03:07:59.156,0.0
2018-09-23 03:18:02.199,0.0
2018-09-23 03:28:00.462,0.0
2018-09-23 03:38:01.055,0.0
2018-09-23 03:47:59.832,0.0
2018-09-23 03:58:01.430,0.0
2018-09-23 04:08:01.113,0.0
2018-09-23 04:18:01.400,0.0
2018-09-23 04:27:59.918,0.0
2018-09-23 04:38:01.410,0.0
2018-09-23 04:47:58.689,0.0
2018-09-23 04:57:58.837,0.0
2018-09-23 05:08:00.189,0.0
2018-09-23 05:17:58.703,0.0
2018-09-23 05:28:01.056,0.0
2018-09-23 05:37:58.791,0.0
2018-09-23 05:47:58.671,0.0
2018-09-23 05:57:58.849,0.0
2018-09-23 06:08:01.430,0.0
2018-09-23 06:18:01.082,0.0
2018-09-23 06:27:59.776,0.0
2018-09-23 06:37:58.714,0.0
2018-09-23 06:47:58.327,0.0
2018-09-23 06:58:00.177,0.0
2018-09-23 07:07:59.027,0.0
2018-09-23 07:17:58.255,0.0
2018-09-23 07:27:57.971,0.0
2018-09-23 07:37:58.322,0.0
2018-09-23 07:47:59.872,0.0
2018-09-23 07:57:58.341,0.0
2018-09-23 08:07:58.245,0.0
2018-09-23 08:17:58.353,0.0
2018-09-23 08:27:59.218,0.0
2018-09-23 08:37:58.703,0.0
2018-09-23 08:47:58.001,0.0
2018-09-23 08:57:58.338,0.0
2018-09-23 09:07:58.002,0.0
2018-09-23 09:17:58.734,0.0
2018-09-23 09:27:58.592,0.0
2018-09-23 09:37:58.909,0.0
2018-09-23 09:48:00.687,0.0
2018-09-23 09:57:58.722,0.0
2018-09-23 10:07:58.079,0.0
2018-09-23 10:18:14.378,0.0
2018-09-23 10:27:58.563,0.0
2018-09-23 10:37:58.751,0.0
2018-09-23 10:47:59.145,0.0
2018-09-23 10:57:58.028,0.0
2018-09-23 11:08:01.926,0.0
2018-09-23 11:17:58.300,0.0
2018-09-23 11:27:58.406,0.0
2018-09-23 11:37:57.863,0.0
2018-09-23 11:47:57.594,0.0
2018-09-23 11:58:00.148,0.0
2018-09-23 12:07:58.212,0.0
2018-09-23 12:17:58.112,0.0
2018-09-23 12:27:57.920,0.0
2018-09-23 12:37:58.159,0.0
2018-09-23 12:47:59.783,0.0
2018-09-23 12:57:57.888,0.0
2018-09-23 13:07:57.452,0.0
2018-09-23 13:17:59.747,0.0
2018-09-23 13:27:57.956,0.0
2018-09-23 13:37:57.897,0.0
2018-09-23 13:47:57.836,0.0
2018-09-23 13:57:59.381,0.0
2018-09-23 14:07:59.689,0.0
2018-09-23 14:17:58.472,0.0
2018-09-23 14:27:57.719,0.0
2018-09-23 14:37:57.706,0.0
2018-09-23 14:48:00.420,0.0
2018-09-23 14:58:00.060,0.0
2018-09-23 15:07:57.898,0.0
2018-09-23 15:17:58.128,0.0
2018-09-23 15:27:58.825,0.0
2018-09-23 15:37:57.547,0.0
2018-09-23 15:47:58.769,0.0
2018-09-23 15:57:57.772,0.0
2018-09-23 16:07:57.805,0.0
2018-09-23 16:17:57.594,0.0
2018-09-23 16:27:59.087,0.0
2018-09-23 16:37:57.293,0.0
2018-09-23 16:47:57.612,0.0
2018-09-23 16:57:57.234,0.0
2018-09-23 17:07:58.771,0.0
2018-09-23 17:17:57.576,0.0
2018-09-23 17:27:58.250,0.0
2018-09-23 17:37:57.541,0.0
2018-09-23 17:47:59.142,0.0
2018-09-23 17:57:57.465,0.0
2018-09-23 18:07:59.135,0.0
2018-09-23 18:17:57.333,0.0
2018-09-23 18:27:59.054,0.0
2018-09-23 18:37:58.827,0.0
2018-09-23 18:47:59.989,0.0
2018-09-23 18:57:56.860,0.0
2018-09-23 19:07:58.548,0.0
2018-09-23 19:17:56.401,0.0
2018-09-23 19:27:56.856,0.0
2018-09-23 19:37:56.996,0.0
2018-09-23 19:47:57.267,0.0
2018-09-23 19:57:56.845,0.0
2018-09-23 20:07:57.205,0.0
2018-09-23 20:17:56.510,0.0
2018-09-23 20:27:56.861,0.0
2018-09-23 20:37:56.930,0.0
2018-09-23 20:47:58.399,0.0
2018-09-23 20:57:58.103,0.0
2018-09-23 21:07:58.093,0.0
2018-09-23 21:17:56.904,0.0
2018-09-23 21:27:57.123,0.0
2018-09-23 21:37:57.936,0.0
2018-09-23 21:47:56.604,0.0
2018-09-23 21:57:56.770,0.0
2018-09-23 22:07:56.124,0.0
2018-09-23 22:17:56.500,0.0
2018-09-23 22:27:56.101,0.0
2018-09-23 22:37:56.135,0.0
2018-09-23 22:47:56.575,0.0
2018-09-23 22:57:56.166,0.0
2018-09-23 23:07:56.134,0.0
2018-09-23 23:17:56.471,0.0
2018-09-23 23:27:57.781,0.0
2018-09-23 23:37:55.831,0.0
2018-09-23 23:48:15.074,0.0
2018-09-23 23:57:55.784,0.0
2018-09-24 00:08:14.546,0.0
2018-09-24 00:17:55.743,0.0
2018-09-24 00:27:56.547,0.0
2018-09-24 00:37:55.764,0.0
2018-09-24 00:47:57.333,0.0
2018-09-24 00:57:57.391,0.0
2018-09-24 01:07:56.797,0.0
2018-09-24 01:17:55.947,0.0
2018-09-24 01:27:55.246,0.0
2018-09-24 01:37:57.291,0.0
2018-09-24 01:47:57.357,0.0
2018-09-24 01:58:12.741,0.0
2018-09-24 02:07:55.189,0.0
2018-09-24 02:17:58.293,0.0
2018-09-24 02:27:56.630,0.0
2018-09-24 02:37:56.361,0.0
2018-09-24 02:47:57.428,0.0
2018-09-24 02:57:56.657,0.0
2018-09-24 03:07:56.746,0.0
2018-09-24 03:17:55.862,0.0
2018-09-24 03:28:11.964,0.0
2018-09-24 03:37:56.925,0.0
2018-09-24 03:47:57.372,0.0
2018-09-24 03:57:57.285,0.0
2018-09-24 04:07:56.128,0.0
2018-09-24 04:17:56.323,0.0
2018-09-24 04:27:56.722,0.0
2018-09-24 04:37:55.544,0.0
2018-09-24 04:47:55.545,0.0
2018-09-24 04:57:55.998,0.0
2018-09-24 05:07:55.063,0.0
2018-09-24 05:17:54.767,0.0
2018-09-24 05:27:54.889,0.0
2018-09-24 05:37:55.617,0.0
2018-09-24 05:47:54.241,0.0
2018-09-24 05:57:56.927,0.0
2018-09-24 06:07:55.961,0.0
2018-09-24 06:17:54.531,0.0
2018-09-24 06:27:55.045,0.0
2018-09-24 06:37:57.325,0.0
2018-09-24 06:47:57.101,0.0
2018-09-24 06:57:56.024,0.0
2018-09-24 07:07:56.199,0.0
2018-09-24 07:17:54.885,0.0
2018-09-24 07:27:54.882,0.0
2018-09-24 07:37:56.867,0.0
2018-09-24 07:47:56.230,0.0
2018-09-24 07:57:56.660,0.0
2018-09-24 08:07:55.790,0.0
2018-09-24 08:17:54.919,0.0
2018-09-24 08:27:57.043,0.0
2018-09-24 08:37:55.906,0.0
2018-09-24 08:47:56.381,0.0
2018-09-24 08:57:55.028,0.0
2018-09-24 09:07:56.615,0.0
2018-09-24 09:17:56.102,0.0
2018-09-24 09:27:54.717,0.0
2018-09-24 09:37:54.950,0.0
2018-09-24 09:47:56.511,0.0
2018-09-24 09:57:55.435,0.0
2018-09-24 10:07:54.630,0.0
2018-09-24 10:17:55.080,0.0
2018-09-24 10:27:54.183,0.0
2018-09-24 10:37:55.490,0.0
2018-09-24 10:47:54.541,0.0
2018-09-24 10:57:54.283,0.0
2018-09-24 11:07:54.075,0.0
2018-09-24 11:17:54.273,0.0
2018-09-24 11:27:55.703,0.0
2018-09-24 11:37:54.276,0.0
2018-09-24 11:47:56.126,0.0
2018-09-24 11:57:56.494,0.0
2018-09-24 12:07:56.113,0.0
2018-09-24 12:17:54.291,0.0
2018-09-24 12:27:55.960,0.0
2018-09-24 12:37:57.992,0.0
2018-09-24 12:47:55.372,0.0
2018-09-24 12:57:55.394,0.0
2018-09-24 13:07:55.812,0.0
2018-09-24 13:17:54.760,0.0
2018-09-24 13:27:54.831,0.0
2018-09-24 13:37:55.774,0.0
2018-09-24 13:47:56.579,0.0
2018-09-24 13:57:53.592,0.0
2018-09-24 14:07:53.346,0.0
2018-09-24 14:17:54.549,0.0
2018-09-24 14:27:55.121,0.0
2018-09-24 14:37:54.022,0.0
2018-09-24 14:47:53.766,0.0
2018-09-24 14:57:53.617,0.0
2018-09-24 15:07:53.887,0.0
2018-09-24 15:17:54.316,0.0
2018-09-24 15:27:53.942,0.0
2018-09-24 15:37:56.344,0.0
2018-09-24 15:47:56.746,0.0
2018-09-24 15:57:53.852,0.0
2018-09-24 16:07:53.573,0.0
2018-09-24 16:17:55.630,0.0
2018-09-24 16:27:53.966,0.0
2018-09-24 16:37:53.307,0.0
2018-09-24 16:47:55.486,0.0
2018-09-24 16:57:53.431,0.0
2018-09-24 17:07:54.066,0.0
2018-09-24 17:17:56.819,0.0
2018-09-24 17:27:53.233,0.0
2018-09-24 17:37:55.349,0.0
2018-09-24 17:47:53.142,0.0
2018-09-24 17:57:53.489,0.0
2018-09-24 18:07:53.157,0.0
2018-09-24 18:17:53.082,0.0
2018-09-24 18:27:53.388,0.0
2018-09-24 18:37:53.491,0.0
2018-09-24 18:47:53.381,0.0
2018-09-24 18:57:54.745,0.0
2018-09-24 19:07:55.093,0.0
2018-09-24 19:17:52.763,0.0
2018-09-24 19:27:53.261,0.0
2018-09-24 19:37:54.765,0.0
2018-09-24 19:47:54.544,0.0
2018-09-24 19:57:53.718,0.0
2018-09-24 20:07:52.950,0.0
2018-09-24 20:17:52.998,0.0
2018-09-24 20:27:52.874,0.0
2018-09-24 20:37:52.047,0.0
2018-09-24 20:47:53.508,0.0
2018-09-24 20:57:54.376,0.0
2018-09-24 21:07:54.560,0.0
2018-09-24 21:17:52.001,0.0
2018-09-24 21:27:52.901,0.0
2018-09-24 21:37:52.716,0.0
2018-09-24 21:47:54.657,0.0
2018-09-24 21:57:53.890,0.0
2018-09-24 22:07:53.570,0.0
2018-09-24 22:17:52.636,0.0
2018-09-24 22:27:55.214,0.0
2018-09-24 22:37:54.832,0.0
2018-09-24 22:47:52.757,0.0
2018-09-24 22:57:53.042,0.0
2018-09-24 23:07:52.274,0.0
2018-09-24 23:17:53.870,0.0
2018-09-24 23:27:52.332,0.0
2018-09-24 23:37:54.249,0.0
2018-09-24 23:47:52.646,0.0
2018-09-24 23:57:53.286,0.0
2018-09-25 00:07:52.348,0.0
2018-09-25 00:17:52.938,0.0
2018-09-25 00:27:52.259,0.0
2018-09-25 00:37:53.203,0.0
2018-09-25 00:47:53.696,0.0
2018-09-25 00:57:52.332,0.0
2018-09-25 01:07:52.811,0.0
2018-09-25 01:17:53.427,0.0
2018-09-25 01:27:53.261,0.0
2018-09-25 01:38:08.453,0.0
2018-09-25 01:47:51.580,0.0
2018-09-25 01:57:53.159,0.0
2018-09-25 02:07:52.015,0.0
2018-09-25 02:17:54.428,0.0
2018-09-25 02:27:51.872,0.0
2018-09-25 02:37:53.125,0.0
2018-09-25 02:47:52.144,0.0
2018-09-25 02:57:53.100,0.0
2018-09-25 03:07:52.459,0.0
2018-09-25 03:17:52.966,0.0
2018-09-25 03:27:52.855,0.0
2018-09-25 03:37:52.781,0.0
2018-09-25 03:47:51.815,0.0
2018-09-25 03:57:52.966,0.0
2018-09-25 04:07:52.089,0.0
2018-09-25 04:17:50.703,0.0
2018-09-25 04:27:51.206,0.0
2018-09-25 04:37:51.764,0.0
2018-09-25 04:47:52.070,0.0
2018-09-25 04:57:51.971,0.0
2018-09-25 05:07:52.273,0.0
2018-09-25 05:18:08.279,0.0
2018-09-25 05:27:51.459,0.0
2018-09-25 05:37:51.184,0.0
2018-09-25 05:47:53.453,0.0
2018-09-25 05:57:51.031,0.0
2018-09-25 06:07:51.334,0.0
2018-09-25 06:17:51.811,0.0
2018-09-25 06:27:50.649,0.0
2018-09-25 06:37:51.421,0.0
2018-09-25 06:47:52.801,0.0
2018-09-25 06:57:52.813,0.0
2018-09-25 07:07:51.316,0.0
2018-09-25 07:17:53.655,0.0
2018-09-25 07:27:51.682,0.0
2018-09-25 07:37:50.859,0.0
2018-09-25 07:47:52.452,0.0
2018-09-25 07:57:51.084,0.0
2018-09-25 08:07:50.382,0.0
2018-09-25 08:17:50.678,0.0
2018-09-25 08:27:50.611,0.0
2018-09-25 08:37:51.326,0.0
2018-09-25 08:47:50.793,0.0
2018-09-25 08:57:53.206,0.0
2018-09-25 09:07:52.860,0.0
2018-09-25 09:17:51.181,0.0
2018-09-25 09:27:50.616,0.0
2018-09-25 09:37:50.436,0.0
2018-09-25 09:47:52.671,0.0
2018-09-25 09:57:52.255,0.0
2018-09-25 10:07:50.568,0.0
2018-09-25 10:17:53.196,0.0
2018-09-25 10:27:50.500,0.0
2018-09-25 10:37:52.607,0.0
2018-09-25 10:47:51.568,0.0
2018-09-25 10:57:50.325,0.0
2018-09-25 11:07:50.460,0.0
2018-09-25 11:17:50.387,0.0
2018-09-25 11:27:51.636,0.0
2018-09-25 11:37:51.126,0.0
2018-09-25 11:47:50.341,0.0
2018-09-25 11:57:51.237,0.0
2018-09-25 12:07:50.767,0.0
2018-09-25 12:17:50.944,0.0
2018-09-25 12:27:52.895,0.0
2018-09-25 12:37:51.824,0.0
2018-09-25 12:47:50.116,0.0
2018-09-25 12:57:50.718,0.0
2018-09-25 13:07:53.730,0.0
2018-09-25 13:17:50.440,0.0
2018-09-25 13:27:51.644,0.0
2018-09-25 13:37:50.552,0.0
2018-09-25 13:47:50.227,0.0
2018-09-25 13:57:51.718,0.0
2018-09-25 14:07:52.670,0.0
2018-09-25 14:17:50.438,0.0
2018-09-25 14:27:49.165,0.0
2018-09-25 14:37:50.866,0.0
2018-09-25 14:47:51.769,0.0
2018-09-25 14:57:51.534,0.0
2018-09-25 15:07:50.521,0.0
2018-09-25 15:17:50.930,0.0
2018-09-25 15:27:49.872,0.0
2018-09-25 15:37:49.676,0.0
2018-09-25 15:47:49.761,0.0
2018-09-25 15:57:50.273,0.0
2018-09-25 16:07:51.703,0.0
2018-09-25 16:17:49.876,0.0
2018-09-25 16:27:49.519,0.0
2018-09-25 16:37:49.845,0.0
2018-09-25 16:47:49.526,0.0
2018-09-25 16:57:48.809,0.0
2018-09-25 17:07:51.493,0.0
2018-09-25 17:17:49.843,0.0
2018-09-25 17:27:53.468,0.0
2018-09-25 17:37:49.678,0.0
2018-09-25 17:47:53.307,0.0
2018-09-25 17:57:49.194,0.0
2018-09-25 18:07:50.282,0.0
2018-09-25 18:17:51.622,0.0
2018-09-25 18:27:48.879,0.0
2018-09-25 18:37:49.089,0.0
2018-09-25 18:47:49.357,0.0
2018-09-25 18:57:49.139,0.0
2018-09-25 19:07:50.539,0.0
2018-09-25 19:17:51.817,0.0
2018-09-25 19:27:49.578,0.0
2018-09-25 19:37:50.921,0.0
2018-09-25 19:47:49.567,0.0
2018-09-25 19:57:49.195,0.0
2018-09-25 20:07:49.551,0.0
2018-09-25 20:17:48.630,0.0
2018-09-25 20:27:48.859,0.0
2018-09-25 20:37:48.866,0.0
2018-09-25 20:47:48.845,0.0
2018-09-25 21:07:49.002,0.0
2018-09-25 21:17:49.290,0.0
2018-09-25 21:27:48.848,0.0
2018-09-25 21:37:49.788,0.0
2018-09-25 21:47:48.873,0.0
2018-09-25 21:57:50.000,0.0
2018-09-25 22:07:50.153,0.0
2018-09-25 22:17:48.470,0.0
2018-09-25 22:27:48.464,0.0
2018-09-25 22:37:48.546,0.0
2018-09-25 22:47:48.536,0.0
2018-09-25 22:57:50.696,0.0
2018-09-25 23:07:48.927,0.0
2018-09-25 23:17:48.176,0.0
2018-09-25 23:27:49.400,0.0
2018-09-25 23:37:48.063,0.0
2018-09-25 23:47:48.470,0.0
2018-09-25 23:57:49.442,0.0
2018-09-26 00:07:47.690,0.0
2018-09-26 00:18:02.826,0.0
2018-09-26 00:27:50.354,0.0
2018-09-26 07:53:25.845,0.0
2018-09-26 08:03:50.261,0.0
2018-10-26 09:58:37.770,0.0
2018-10-26 10:00:01.955,0.0
2018-10-26 10:01:26.869,0.0
2018-10-26 10:11:37.184,0.0
2018-10-26 10:22:24.096,0.0
2018-10-26 10:32:08.603,0.0
2018-10-26 10:42:38.675,0.0
2018-10-26 10:52:27.796,0.0
2018-10-26 11:06:35.626,0.0
2018-10-26 11:16:05.914,0.5588
2018-10-26 11:26:30.436,0.0
2018-10-26 11:36:00.673,0.0
2018-10-26 11:46:15.670,0.0
2018-10-26 11:55:45.477,0.0
2018-10-26 12:06:03.225,0.0
2018-10-26 12:15:33.549,0.0
2018-10-26 12:25:41.075,0.0
2018-10-26 12:35:13.583,0.0
2018-10-26 12:45:31.930,0.0
2018-10-26 12:55:03.139,0.0
2018-10-26 13:05:24.354,0.0
2018-10-26 13:14:56.645,0.0
2018-10-26 13:25:15.569,0.0
2018-10-26 13:34:46.512,0.0
2018-10-26 13:45:08.002,0.0
2018-10-26 13:54:38.870,0.0
2018-10-26 14:04:53.157,0.0
2018-10-26 14:14:24.029,0.5588
2018-10-26 14:24:41.894,0.0
2018-10-26 14:34:12.339,0.0
2018-10-26 14:44:32.024,0.0
2018-10-26 14:54:03.257,0.0
2018-10-26 15:04:06.877,0.0
2018-10-26 15:13:37.691,0.0
2018-10-26 15:24:01.464,0.0
2018-10-26 15:33:33.129,0.0
2018-10-26 15:43:56.168,0.0
2018-10-26 15:53:25.752,0.0
2018-10-26 16:03:46.145,0.0
2018-10-26 16:13:16.801,0.0
2018-10-26 16:23:20.639,0.0
2018-10-26 16:32:51.243,0.0
2018-10-26 16:43:09.489,0.0
2018-10-26 16:52:39.955,0.0
2018-10-26 17:03:02.066,0.0
2018-10-26 17:12:33.941,0.0
2018-10-26 17:22:46.101,0.0
2018-10-26 17:32:15.743,0.0
2018-10-26 17:42:22.450,0.0
2018-10-26 17:51:53.491,0.0
2018-10-26 18:02:17.435,0.0
2018-10-26 18:11:47.315,0.0
2018-10-26 18:22:09.269,0.0
2018-10-26 18:31:39.672,0.0
2018-10-26 18:41:49.829,0.0
2018-10-26 18:51:18.010,0.0
2018-10-26 19:01:29.994,0.0
2018-10-26 19:10:58.688,0.0
2018-10-26 19:21:12.354,0.0
2018-10-26 19:30:42.553,0.0
2018-10-26 19:40:52.354,0.0
2018-10-26 19:50:21.151,0.0
2018-10-26 20:00:32.048,0.0
2018-10-26 20:09:59.847,0.0
2018-10-26 20:20:24.271,0.0
2018-10-26 20:29:52.089,0.0
2018-10-26 20:40:04.865,0.0
2018-10-26 20:49:33.288,0.0
2018-10-26 20:59:46.993,0.0
2018-10-26 21:09:14.362,0.0
2018-10-26 21:19:35.556,0.0
2018-10-26 21:29:04.137,0.0
2018-10-26 21:39:18.608,0.0
2018-10-26 21:48:48.143,0.0
2018-10-26 21:59:09.781,0.0
2018-10-26 22:08:37.287,0.0
2018-10-26 22:18:56.945,0.0
2018-10-26 22:28:26.549,0.0
2018-10-26 22:38:34.086,0.0
2018-10-26 22:48:01.181,0.0
2018-10-26 22:58:24.305,0.0
2018-10-26 23:07:53.754,0.0
2018-10-26 23:18:06.954,0.0
2018-10-26 23:27:37.613,0.0
2018-10-26 23:37:50.531,0.0
2018-10-26 23:47:18.004,0.0
2018-10-26 23:57:40.588,0.0
2018-10-27 00:07:09.236,0.0
2018-10-27 00:17:23.444,0.0
2018-10-27 00:26:51.909,0.0
2018-10-27 00:37:13.981,0.0
2018-10-27 00:46:42.022,0.0
2018-10-27 00:56:59.133,0.0
2018-10-27 01:06:28.332,0.0
2018-10-27 01:16:37.988,0.0
2018-10-27 01:26:05.958,0.0
2018-10-27 01:36:15.708,0.0
2018-10-27 01:45:44.762,0.0
2018-10-27 01:55:53.785,0.0
2018-10-27 02:05:22.130,0.0
2018-10-27 02:15:39.730,0.0
2018-10-27 02:25:07.633,0.0
2018-10-27 02:35:16.778,0.0
2018-10-27 02:44:44.507,0.0
2018-10-27 02:55:04.559,0.0
2018-10-27 03:04:34.013,0.0
2018-10-27 03:14:48.705,0.0
2018-10-27 03:24:17.740,0.0
2018-10-27 03:34:25.601,0.0
2018-10-27 03:43:54.759,0.0
2018-10-27 03:54:02.912,0.0
2018-10-27 04:03:29.821,0.0
2018-10-27 04:13:52.376,0.0
2018-10-27 04:23:20.569,0.0
2018-10-27 04:33:29.267,0.0
2018-10-27 04:43:00.884,0.0
2018-10-27 04:53:18.619,0.0
2018-10-27 05:02:47.894,0.0
2018-10-27 05:13:03.081,0.0
2018-10-27 05:22:30.344,0.0
2018-10-27 05:32:42.376,0.0
2018-10-27 05:42:10.730,0.0
2018-10-27 05:52:31.008,0.0
2018-10-27 06:01:58.676,0.0
2018-10-27 06:12:22.870,0.0
2018-10-27 06:21:52.117,0.0
2018-10-27 06:32:11.366,0.0
2018-10-27 06:41:40.278,0.0
2018-10-27 06:52:02.650,0.0
2018-10-27 07:01:31.544,0.0
2018-10-27 07:11:50.493,0.0
2018-10-27 07:21:17.807,0.0
2018-10-27 07:31:33.105,0.0
2018-10-27 07:41:02.891,0.0
2018-10-27 07:51:18.824,0.0
2018-10-27 08:00:46.333,0.0
2018-10-27 08:11:02.127,0.0
2018-10-27 08:20:29.657,0.0
2018-10-27 08:30:43.777,0.0
2018-10-27 08:40:12.140,0.0
2018-10-27 08:50:21.152,0.0
2018-10-27 08:59:49.930,0.0
2018-10-27 09:09:59.586,0.0
2018-10-27 09:19:26.712,0.0
2018-10-27 09:29:38.618,0.0
2018-10-27 09:39:07.222,0.0
2018-10-27 09:49:21.888,0.0
2018-10-27 09:58:50.394,0.0
2018-10-27 10:09:14.904,0.0
2018-10-27 10:18:42.323,0.0
2018-10-27 10:29:03.594,0.0
2018-10-27 10:38:31.825,0.0
2018-10-27 10:48:38.621,0.0
2018-10-27 10:58:07.783,0.0
2018-10-27 11:08:29.647,0.0
2018-10-27 11:17:57.899,0.0
2018-10-27 11:28:10.913,0.0
2018-10-27 11:37:37.668,0.0
2018-10-27 11:47:48.414,0.0
2018-10-27 11:57:14.764,0.0
2018-10-27 12:07:35.209,0.0
2018-10-27 12:17:03.214,0.0
2018-10-27 12:27:16.167,0.0
2018-10-27 12:36:43.095,0.0
2018-10-27 12:46:56.039,0.0
2018-10-27 12:56:24.503,0.0
2018-10-27 13:06:37.133,0.0
2018-10-27 13:16:06.300,0.0
2018-10-27 13:26:19.147,0.0
2018-10-27 13:35:47.976,0.0
2018-10-27 13:46:05.774,0.0
2018-10-27 13:55:34.060,0.0
2018-10-27 14:05:49.832,0.0
2018-10-27 14:15:18.300,0.0
2018-10-27 14:25:27.586,0.0
2018-10-27 14:34:56.436,0.0
2018-10-27 14:45:12.469,0.0
2018-10-27 14:54:41.508,0.0
2018-10-27 15:04:56.664,0.0
2018-10-27 15:14:24.536,0.0
2018-10-27 15:24:37.772,0.0
2018-10-27 15:34:06.343,0.0
2018-10-27 15:44:24.799,0.0
2018-10-27 15:53:53.753,0.0
2018-10-27 16:04:01.041,0.0
2018-10-27 16:13:30.150,0.0
2018-10-27 16:23:53.110,0.0
2018-10-27 16:33:22.339,0.0
2018-10-27 16:43:30.372,0.0
2018-10-27 16:52:59.054,0.0
2018-10-27 17:03:18.635,0.0
2018-10-27 17:12:47.061,0.0
2018-10-27 17:22:55.829,0.0
2018-10-27 17:32:24.804,0.0
2018-10-27 17:42:33.599,0.0
2018-10-27 17:52:02.570,0.0
2018-10-27 18:02:12.788,0.0
2018-10-27 18:11:40.924,0.0
2018-10-27 18:21:55.604,0.0
2018-10-27 18:31:24.697,0.0
2018-10-27 18:41:44.501,0.0
2018-10-27 18:51:12.743,0.0
2018-10-27 19:01:32.046,0.0
2018-10-27 19:11:01.483,0.0
2018-10-27 19:21:10.130,0.0
2018-10-27 19:30:37.802,0.0
2018-10-27 19:40:58.675,0.0
2018-10-27 19:50:25.756,0.0
2018-10-27 20:00:49.254,0.0
2018-10-27 20:10:16.697,0.0
2018-10-27 20:20:31.213,0.0
2018-10-27 20:30:00.085,0.0
2018-10-27 20:40:09.461,0.0
2018-10-27 20:49:38.181,0.0
2018-10-27 21:00:02.133,0.0
2018-10-27 21:09:30.250,0.0
2018-10-27 21:19:40.823,0.0
2018-10-27 21:29:08.237,0.0
2018-10-27 21:39:16.782,0.0
2018-10-27 21:48:44.807,0.0
2018-10-27 21:59:06.090,0.0
2018-10-27 22:08:34.861,0.0
2018-10-27 22:18:53.790,0.0
2018-10-27 22:28:22.564,0.0
2018-10-27 22:38:31.505,0.0
2018-10-27 22:48:00.072,0.0
2018-10-27 22:58:08.611,0.0
2018-10-27 23:07:36.728,0.0
2018-10-27 23:17:47.214,0.0
2018-10-27 23:27:16.133,0.0
2018-10-27 23:37:35.393,0.0
2018-10-27 23:47:04.462,0.0
2018-10-27 23:57:16.283,0.0
2018-10-28 00:06:43.495,0.0
2018-10-28 00:16:56.031,0.0
2018-10-28 00:26:23.684,0.0
2018-10-28 00:36:45.291,0.0
2018-10-28 00:46:16.938,0.0
2018-10-28 00:56:38.373,0.0
2018-10-28 01:06:07.773,0.0
2018-10-28 01:16:20.724,0.0
2018-10-28 01:25:48.004,0.0
2018-10-28 01:36:00.474,0.0
2018-10-28 01:45:29.924,0.0
2018-10-28 01:55:37.276,0.0
2018-10-28 02:05:05.054,0.0
2018-10-28 02:15:20.089,0.0
2018-10-28 02:24:48.004,0.0
2018-10-28 02:34:58.869,0.0
2018-10-28 02:44:26.537,0.0
2018-10-28 02:54:37.354,0.0
2018-10-28 02:04:06.639,0.0
2018-10-28 02:14:22.709,0.0
2018-10-28 02:23:50.529,0.0
2018-10-28 02:34:06.134,0.0
2018-10-28 02:43:34.963,0.0
2018-10-28 02:53:55.183,0.0
2018-10-28 03:03:23.834,0.0
2018-10-28 03:13:23.988,0.0
2018-10-28 03:22:52.199,0.0
2018-10-28 03:33:05.985,0.0
2018-10-28 03:42:34.937,0.0
2018-10-28 03:52:53.387,0.0
2018-10-28 04:02:23.120,0.0
2018-10-28 04:12:38.327,0.0
2018-10-28 04:22:05.371,0.0
2018-10-28 04:32:21.981,0.0
2018-10-28 04:41:49.661,0.0
2018-10-28 04:52:02.557,0.0
2018-10-28 05:01:30.820,0.0
2018-10-28 05:11:49.736,0.0
2018-10-28 05:21:18.292,0.0
2018-10-28 05:31:30.887,0.0
2018-10-28 05:40:59.624,0.0
2018-10-28 05:51:14.991,0.0
2018-10-28 06:00:43.454,0.0
2018-10-28 06:10:54.022,0.0
2018-10-28 06:20:21.303,0.0
2018-10-28 06:30:41.391,0.0
2018-10-28 06:40:09.382,0.0
2018-10-28 06:50:22.462,0.0
2018-10-28 06:59:50.596,0.0
2018-10-28 07:10:16.277,0.0
2018-10-28 07:19:43.260,0.0
2018-10-28 07:29:57.974,0.0
2018-10-28 07:39:26.230,0.0
2018-10-28 07:49:45.040,0.0
2018-10-28 07:59:12.290,0.0
2018-10-28 08:09:32.492,0.0
2018-10-28 08:18:59.674,0.0
2018-10-28 08:29:17.876,0.0
2018-10-28 08:38:46.919,0.0
2018-10-28 08:49:06.464,0.0
2018-10-28 08:58:35.657,0.0
2018-10-28 09:08:54.733,0.0
2018-10-28 09:18:21.885,0.0
2018-10-28 09:28:40.129,0.0
2018-10-28 09:38:08.079,0.0
2018-10-28 09:48:16.935,0.0
2018-10-28 09:57:45.435,0.0
2018-10-28 10:08:04.345,0.0
2018-10-28 10:17:31.452,0.0
2018-10-28 10:27:55.684,0.0
2018-10-28 10:37:24.792,0.0
2018-10-28 10:47:36.546,0.0
2018-10-28 10:57:04.337,0.0
2018-10-28 11:07:15.103,0.0
2018-10-28 11:16:44.397,0.0
2018-10-28 11:26:59.964,0.0
2018-10-28 11:36:30.840,0.0
2018-10-28 11:46:41.129,0.0
2018-10-28 11:56:10.624,0.0
2018-10-28 12:06:30.070,0.0
2018-10-28 12:15:59.845,0.0
2018-10-28 12:26:10.923,0.0
2018-10-28 12:35:38.211,0.0
2018-10-28 12:46:03.423,0.0
2018-10-28 12:55:31.060,0.0
2018-10-28 13:05:53.903,0.0
2018-10-28 13:15:23.058,0.0
2018-10-28 13:25:43.857,0.0
2018-10-28 13:35:12.440,0.0
2018-10-28 13:45:21.073,0.0
2018-10-28 13:54:49.766,0.0
2018-10-28 14:05:00.525,0.0
2018-10-28 14:14:29.017,0.0
2018-10-28 14:24:37.322,0.0
2018-10-28 14:34:04.450,0.0
2018-10-28 14:44:15.245,0.0
2018-10-28 14:53:43.034,0.0
2018-10-28 15:03:56.799,0.0
2018-10-28 15:13:24.412,0.0
2018-10-28 15:23:37.265,0.0
2018-10-28 15:33:06.811,0.0
2018-10-28 15:43:23.381,0.0
2018-10-28 15:52:51.003,0.0
2018-10-28 16:03:05.761,0.0
2018-10-28 16:12:33.709,0.0
2018-10-28 16:22:52.042,0.0
2018-10-28 16:32:20.544,0.0
2018-10-28 16:42:31.691,0.0
2018-10-28 16:52:00.361,0.0
2018-10-28 17:02:22.631,0.0
2018-10-28 17:11:51.539,0.0
2018-10-28 17:22:08.447,0.0
2018-10-28 17:31:35.900,0.0
2018-10-28 17:41:44.138,0.0
2018-10-28 17:51:12.392,0.0
2018-10-28 18:01:34.419,0.0
2018-10-28 18:11:03.134,0.0
2018-10-28 18:21:15.242,0.0
2018-10-28 18:30:42.941,0.0
2018-10-28 18:40:57.675,0.0
2018-10-28 18:50:25.691,0.0
2018-10-28 19:00:36.778,0.0
2018-10-28 19:10:04.377,0.0
2018-10-28 19:20:25.704,0.0
2018-10-28 19:29:54.168,0.0
2018-10-28 19:40:06.271,0.0
2018-10-28 19:49:34.509,0.0
2018-10-28 19:59:47.079,0.0
2018-10-28 20:09:15.261,0.0
2018-10-28 20:19:30.948,0.0
2018-10-28 20:28:57.897,0.0
2018-10-28 20:39:26.122,0.0
2018-10-28 20:48:53.700,0.0
2018-10-28 20:59:15.715,0.0
2018-10-28 21:08:43.377,0.0
2018-10-28 21:19:08.773,0.0
2018-10-28 21:28:37.421,0.0
2018-10-28 21:38:58.361,0.0
2018-10-28 21:48:25.613,0.0
2018-10-28 21:58:44.650,0.0
2018-10-28 22:08:12.820,0.0
2018-10-28 22:18:26.915,0.0
2018-10-28 22:27:54.980,0.0
2018-10-28 22:38:17.360,0.0
2018-10-28 22:47:45.810,0.0
2018-10-28 22:58:08.378,0.0
2018-10-28 23:07:39.767,0.0
2018-10-28 23:17:49.252,0.0
2018-10-28 23:27:17.257,0.0
2018-10-28 23:37:39.931,0.0
2018-10-28 23:47:08.164,0.0
2018-10-28 23:57:20.776,0.0
2018-10-29 00:06:49.936,0.0
2018-10-29 00:17:02.218,0.0
2018-10-29 00:26:31.383,0.0
2018-10-29 00:36:39.055,0.0
2018-10-29 00:46:06.941,0.0
2018-10-29 00:56:31.964,0.0
2018-10-29 01:05:59.540,0.0
2018-10-29 01:16:18.188,0.0
2018-10-29 01:25:45.774,0.0
2018-10-29 01:35:55.217,0.0
2018-10-29 01:45:24.490,0.0
2018-10-29 01:55:43.177,0.0
2018-10-29 02:05:11.742,0.0
2018-10-29 02:15:24.302,0.0
2018-10-29 02:24:53.891,0.0
2018-10-29 02:35:18.763,0.0
2018-10-29 02:55:02.910,0.0
2018-10-29 03:04:32.986,0.0
2018-10-29 03:14:51.902,0.0
2018-10-29 03:24:20.582,0.0
2018-10-29 03:34:29.727,0.0
2018-10-29 03:43:57.375,0.0
2018-10-29 03:54:11.228,0.0
2018-10-29 04:03:39.644,0.0
2018-10-29 04:14:04.030,0.0
2018-10-29 04:23:32.733,0.0
2018-10-29 04:33:42.370,0.0
2018-10-29 04:43:09.683,0.0
2018-10-29 04:53:25.673,0.0
2018-10-29 05:02:54.057,0.0
2018-10-29 05:13:12.870,0.0
2018-10-29 05:22:41.624,0.0
2018-10-29 05:33:00.781,0.0
2018-10-29 05:42:31.189,0.0
2018-10-29 05:52:43.965,0.0
2018-10-29 06:02:11.843,0.0
2018-10-29 06:12:24.700,0.0
2018-10-29 06:21:52.566,0.0
2018-10-29 06:32:10.070,0.0
2018-10-29 06:41:39.075,0.0
2018-10-29 06:51:51.979,0.0
2018-10-29 07:01:20.770,0.0
2018-10-29 07:11:46.003,0.0
2018-10-29 07:21:15.260,0.0
2018-10-29 07:31:29.794,0.0
2018-10-29 07:40:56.579,0.0
2018-10-29 07:51:09.089,0.0
2018-10-29 08:00:36.410,0.0
2018-10-29 08:10:55.278,0.0
2018-10-29 08:20:24.403,0.0
2018-10-29 08:30:00.125,0.8382
2018-10-29 08:39:29.590,0.0
2018-10-29 08:49:44.240,0.0
2018-10-29 08:59:15.766,0.0
2018-10-29 09:09:24.995,0.0
2018-10-29 09:18:56.184,0.0
2018-10-29 09:28:59.564,0.0
2018-10-29 09:38:30.863,0.0
2018-10-29 09:48:42.153,0.0
2018-10-29 09:58:12.643,0.0
2018-10-29 10:08:28.034,0.0
2018-10-29 10:17:58.459,0.0
2018-10-29 10:28:12.559,0.0
2018-10-29 10:37:43.921,0.0
2018-10-29 10:47:54.825,0.0
2018-10-29 10:57:24.538,0.0
2018-10-29 11:07:34.090,0.0
2018-10-29 11:17:04.204,0.0
2018-10-29 11:27:18.690,0.0
2018-10-29 11:36:48.060,0.0
2018-10-29 12:07:51.577,0.0
2018-10-29 13:37:36.488,0.0
2018-10-29 13:48:12.773,0.0
2018-10-29 13:57:40.286,0.0
2018-10-29 14:08:17.440,0.0
2018-10-29 14:17:46.321,0.0
2018-10-29 14:28:24.132,0.2794
2018-10-29 14:37:51.863,0.0
2018-10-29 14:48:27.573,0.0
2018-10-29 14:59:05.659,0.0
2018-10-29 15:08:34.151,0.0
2018-10-29 15:19:09.643,0.0
2018-10-29 15:29:47.530,0.0
2018-10-29 15:40:26.703,0.0
2018-10-29 15:50:25.843,0.5588
2018-10-29 16:01:02.860,0.0
2018-10-29 16:10:35.731,0.0
2018-10-29 16:21:13.080,0.0
2018-10-29 16:30:44.831,0.0
2018-10-29 16:40:56.255,0.0
2018-10-29 16:50:25.907,0.0
2018-10-29 17:00:45.932,0.0
2018-10-29 17:10:19.886,0.0
2018-10-29 17:20:33.963,0.0
2018-10-29 17:30:03.592,0.0
2018-10-29 17:40:11.107,0.0
2018-10-29 17:49:42.783,0.0
2018-10-29 18:00:00.883,0.0
2018-10-29 18:09:35.429,0.0
2018-10-29 18:19:54.115,0.0
2018-10-29 18:29:25.882,0.0
2018-10-29 18:39:57.188,0.5588
2018-10-29 18:49:24.671,0.0
2018-10-29 18:59:40.284,0.5588
2018-10-29 19:09:07.644,0.2794
2018-10-29 19:19:25.553,0.0
2018-10-29 19:28:53.027,0.0
2018-10-29 19:39:03.167,0.0
2018-10-29 19:48:28.753,0.0
2018-10-29 19:58:47.927,0.0
2018-10-29 20:08:14.411,0.8382
2018-10-29 20:18:31.487,1.1176
2018-10-29 20:27:59.049,0.0
2018-10-29 20:38:08.307,0.0
2018-10-29 20:47:35.587,0.0
2018-10-29 21:00:03.244,1.1176
2018-10-29 21:09:33.808,0.0
2018-10-29 21:19:49.475,0.0
2018-10-29 21:29:18.826,0.0
2018-10-29 21:39:32.669,0.0
2018-10-29 21:49:02.507,0.0
2018-10-29 21:59:21.450,0.0
2018-10-29 22:08:49.621,0.0
2018-10-29 22:19:00.651,0.0
2018-10-29 22:28:30.240,0.0
2018-10-29 22:38:41.857,0.0
2018-10-29 22:48:12.591,0.0
2018-10-29 22:58:31.322,0.0
2018-10-29 23:08:00.109,0.0
2018-10-29 23:18:20.793,0.0
2018-10-29 23:27:51.406,0.0
2018-10-29 23:37:54.556,0.0
2018-10-29 23:47:24.365,0.0
2018-10-29 23:57:29.185,0.0
2018-10-30 00:06:58.922,0.0
2018-10-30 00:17:08.811,0.0
2018-10-30 00:26:39.130,0.0
2018-10-30 00:36:56.213,0.0
2018-10-30 00:46:26.572,0.0
2018-10-30 00:56:49.195,0.0
2018-10-30 01:06:17.752,0.0
2018-10-30 01:16:28.934,0.0
2018-10-30 01:25:56.340,0.0
2018-10-30 01:36:15.212,0.0
2018-10-30 01:45:43.537,0.0
2018-10-30 01:55:51.786,0.0
2018-10-30 02:05:21.677,0.0
2018-10-30 02:15:35.297,0.0
2018-10-30 02:25:04.543,0.0
2018-10-30 02:35:26.358,0.0
2018-10-30 02:44:54.640,0.0
2018-10-30 02:55:09.567,0.0
2018-10-30 03:04:37.189,0.0
2018-10-30 03:14:44.881,0.0
2018-10-30 03:24:14.532,0.0
2018-10-30 03:34:33.504,0.0
2018-10-30 03:44:02.615,0.0
2018-10-30 03:54:23.435,0.0
2018-10-30 04:03:52.657,0.0
2018-10-30 04:14:07.253,0.0
2018-10-30 04:23:36.341,0.0
2018-10-30 04:33:47.013,0.0
2018-10-30 04:43:16.222,0.0
2018-10-30 04:53:26.675,0.0
2018-10-30 05:02:56.716,0.0
2018-10-30 05:13:02.783,0.0
2018-10-30 05:22:31.172,0.0
2018-10-30 05:32:50.098,0.0
2018-10-30 05:42:18.734,0.0
2018-10-30 05:52:37.437,0.0
2018-10-30 06:02:06.845,0.0
2018-10-30 06:12:26.775,0.0
2018-10-30 06:34:01.446,0.0
2018-10-30 06:43:28.804,0.0
2018-10-30 06:53:48.716,0.0
2018-10-30 07:03:16.126,0.0
2018-10-30 07:13:37.206,0.0
2018-10-30 07:23:05.618,0.0
2018-10-30 07:33:22.781,0.0
2018-10-30 07:42:50.523,0.0
2018-10-30 07:53:13.410,0.0
2018-10-30 08:02:42.403,0.0
2018-10-30 08:13:02.750,0.0
2018-10-30 08:22:30.766,0.0
2018-10-30 08:32:47.570,0.0
2018-10-30 08:42:16.897,0.0
2018-10-30 08:52:30.620,0.0
2018-10-30 09:02:00.262,0.0
2018-10-30 09:12:15.550,0.0
2018-10-30 09:21:44.620,0.0
2018-10-30 09:32:03.965,0.0
2018-10-30 09:41:27.081,0.0
2018-10-30 09:51:39.560,0.0
2018-10-30 10:01:08.058,0.0
2018-10-30 10:11:27.563,0.0
2018-10-30 10:20:55.958,0.0
2018-10-30 10:31:06.904,0.0
2018-10-30 10:40:37.434,0.0
2018-10-30 10:50:57.268,0.0
2018-10-30 11:00:26.478,0.0
2018-10-30 11:10:45.751,0.0
2018-10-30 11:20:14.518,0.0
2018-10-30 11:30:35.814,0.0
2018-10-30 11:40:05.151,0.0
2018-10-30 11:50:23.240,0.0
2018-10-30 11:59:51.914,0.0
2018-10-30 12:10:05.217,0.0
2018-10-30 12:19:38.357,0.0
2018-10-30 12:29:55.928,0.0
2018-10-30 12:39:23.149,0.0
2018-10-30 12:49:36.107,0.0
2018-10-30 12:59:07.289,0.0
2018-10-30 13:09:26.051,0.0
2018-10-30 13:18:54.458,0.0
2018-10-30 13:38:55.366,0.0
2018-10-30 13:49:14.277,0.0
2018-10-30 13:58:43.393,0.0
2018-10-30 14:09:02.811,0.0
2018-10-30 14:18:29.728,0.0
2018-10-30 14:28:47.990,0.0
2018-10-30 14:38:16.258,0.0
2018-10-30 14:48:34.570,0.0
2018-10-30 14:58:03.405,0.0
2018-10-30 15:08:24.361,0.0
2018-10-30 15:17:51.296,0.0
2018-10-30 15:28:07.317,0.0
2018-10-30 15:37:37.181,0.0
2018-10-30 15:47:48.131,0.0
2018-10-30 15:58:14.357,0.2794
2018-10-30 16:07:45.029,0.0
2018-10-30 16:17:55.458,0.0
2018-10-30 16:27:22.484,0.0
2018-10-30 16:37:34.204,0.0
2018-10-30 16:47:02.037,0.0
2018-10-30 16:57:13.367,0.0
2018-10-30 17:06:42.516,0.2794
2018-10-30 17:16:53.440,0.0
2018-10-30 17:27:21.255,0.2794
2018-10-30 17:36:48.388,0.0
2018-10-30 17:47:08.508,0.0
2018-10-30 17:56:40.214,0.2794
2018-10-30 18:06:16.457,0.2794
2018-10-30 18:15:46.706,0.0
2018-10-30 18:25:21.530,0.2794
2018-10-30 18:34:49.796,0.0
2018-10-30 18:45:11.189,0.2794
2018-10-30 18:54:39.250,0.0
2018-10-30 19:04:16.329,0.2794
2018-10-30 19:14:42.435,0.2794
2018-10-30 19:24:12.464,0.0
2018-10-30 19:34:21.897,0.0
2018-10-30 19:44:47.744,0.2794
2018-10-30 19:54:15.254,0.0
2018-10-30 20:03:50.290,0.2794
2018-10-30 20:13:49.415,0.5588
2018-10-30 20:23:44.500,0.5588
2018-10-30 20:33:13.574,0.0
2018-10-30 20:43:31.187,0.0
2018-10-30 20:53:00.275,0.0
2018-10-30 21:02:36.137,0.2794
2018-10-30 21:12:05.291,0.0
2018-10-30 21:21:41.277,0.2794
2018-10-30 21:31:10.942,0.0
2018-10-30 21:41:25.352,0.0
2018-10-30 21:50:54.469,0.0
2018-10-30 22:01:08.172,0.0
2018-10-30 22:10:35.536,0.0
2018-10-30 22:20:50.594,0.0
2018-10-30 22:30:19.300,0.0
2018-10-30 22:39:54.276,0.2794
2018-10-30 22:49:22.871,0.0
2018-10-30 22:59:39.503,0.0
2018-10-30 23:10:05.036,0.2794
2018-10-30 23:19:32.227,0.0
2018-10-30 23:29:49.740,0.0
2018-10-30 23:40:16.235,0.2794
2018-10-30 23:49:44.328,0.0
2018-10-31 00:00:00.375,0.0
2018-10-31 00:10:28.551,0.2794
2018-10-31 00:20:55.795,0.5588
2018-10-31 00:30:24.468,0.0
2018-10-31 00:40:40.844,0.0
2018-10-31 00:50:10.194,0.0
2018-10-31 01:00:27.387,0.2794
2018-10-31 01:09:57.302,0.0
2018-10-31 01:19:36.170,0.2794
2018-10-31 01:30:01.085,0.2794
2018-10-31 01:39:57.816,0.8382
2018-10-31 01:49:35.001,0.8382
2018-10-31 01:59:19.966,0.5588
2018-10-31 02:09:48.022,0.2794
2018-10-31 02:19:15.423,0.0
2018-10-31 02:29:25.799,0.0
2018-10-31 02:38:54.158,0.0
2018-10-31 02:49:08.561,0.0
2018-10-31 02:59:34.087,0.2794
2018-10-31 03:09:01.219,0.0
2018-10-31 03:19:23.064,0.0
2018-10-31 03:28:50.962,0.0
2018-10-31 03:39:06.477,0.0
2018-10-31 03:48:33.528,0.0
2018-10-31 03:58:49.314,0.0
2018-10-31 04:08:17.167,0.0
2018-10-31 04:18:26.667,0.0
2018-10-31 04:27:55.146,0.0
2018-10-31 04:38:07.144,0.0
2018-10-31 04:47:35.885,0.0
2018-10-31 04:57:50.158,0.0
2018-10-31 05:07:18.961,0.0
2018-10-31 05:17:33.788,0.0
2018-10-31 05:27:01.395,0.0
2018-10-31 05:37:12.273,0.0
2018-10-31 05:46:39.605,0.0
2018-10-31 05:56:52.398,0.0
2018-10-31 06:06:20.642,0.0
2018-10-31 06:16:34.935,0.0
2018-10-31 06:26:02.399,0.0
2018-10-31 06:36:26.179,0.0
2018-10-31 06:45:55.850,0.0
2018-10-31 06:56:14.189,0.0
2018-10-31 07:05:45.531,0.0
2018-10-31 07:15:54.542,0.0
2018-10-31 07:25:24.669,0.0
2018-10-31 07:35:38.520,0.0
2018-10-31 07:45:07.169,0.0
2018-10-31 07:55:27.193,0.0
2018-10-31 08:04:55.442,0.0
2018-10-31 08:15:08.169,0.0
2018-10-31 08:24:36.374,0.0
2018-10-31 08:34:51.043,0.0
2018-10-31 08:44:19.747,0.0
2018-10-31 08:54:38.543,0.0
2018-10-31 09:04:07.185,0.0
2018-10-31 09:14:14.867,0.0
2018-10-31 09:23:44.105,0.0
2018-10-31 09:33:52.896,0.0
2018-10-31 09:43:22.251,0.0
2018-10-31 09:53:35.421,0.0
2018-10-31 10:03:04.232,0.0
2018-10-31 10:13:27.093,0.0
2018-10-31 10:22:56.084,0.0
2018-10-31 10:33:05.090,0.0
2018-10-31 10:42:34.435,0.0
2018-10-31 10:52:43.546,0.0
2018-10-31 11:02:11.613,0.0
2018-10-31 11:12:28.667,0.0
2018-10-31 11:21:56.646,0.0
2018-10-31 11:32:07.660,0.0
2018-10-31 11:41:37.293,0.0
2018-10-31 11:51:54.868,0.0
2018-10-31 12:01:23.160,0.0
2018-10-31 12:11:31.204,0.0
2018-10-31 12:20:59.318,0.0
2018-10-31 12:31:20.108,0.0
2018-10-31 12:40:47.340,0.0
2018-10-31 12:51:08.214,0.0
2018-10-31 13:00:36.256,0.0
2018-10-31 13:10:59.077,0.0
2018-10-31 13:30:44.582,0.0
2018-10-31 13:50:32.870,0.0
2018-10-31 14:00:05.774,0.0
2018-10-31 14:10:28.544,0.0
2018-10-31 14:19:57.734,0.0
2018-10-31 14:30:19.836,0.0
2018-10-31 14:39:50.767,0.0
2018-10-31 14:50:11.932,0.0
2018-10-31 14:59:41.863,0.0
2018-10-31 15:10:00.402,0.0
2018-10-31 15:19:33.064,0.0
2018-10-31 15:29:52.425,0.0
2018-10-31 15:39:23.573,0.0
2018-10-31 15:49:40.636,0.0
2018-10-31 15:59:09.604,0.0
2018-10-31 16:09:17.862,0.0
2018-10-31 16:18:47.328,0.0
2018-10-31 16:29:01.516,0.0
2018-10-31 16:38:32.665,0.0
2018-10-31 16:48:55.349,0.0
2018-10-31 16:58:25.508,0.0
2018-10-31 17:08:36.719,0.0
2018-10-31 17:24:01.927,0.0
2018-10-31 17:33:32.117,0.0
2018-10-31 17:43:46.318,0.0
2018-10-31 17:53:15.508,0.0
2018-10-31 18:03:40.273,0.0
2018-10-31 18:13:08.419,0.0
2018-10-31 18:23:34.051,0.0
2018-10-31 18:33:05.194,0.0
2018-10-31 18:43:13.734,0.0
2018-10-31 18:52:42.470,0.0
2018-10-31 19:03:06.756,0.0
2018-10-31 19:12:38.568,0.0
2018-10-31 19:22:43.815,0.0
2018-10-31 19:32:13.435,0.0
2018-10-31 19:42:32.077,0.0
2018-10-31 19:52:01.885,0.0
2018-10-31 20:02:10.105,0.0
2018-10-31 20:11:38.467,0.0
2018-10-31 20:22:03.496,0.0
2018-10-31 20:31:32.774,0.0
2018-10-31 20:41:53.332,0.0
2018-10-31 20:51:21.465,0.0
2018-10-31 21:01:32.074,0.0
2018-10-31 21:11:01.602,0.0
2018-10-31 21:21:18.864,0.0
2018-10-31 21:30:46.548,0.0
2018-10-31 21:40:58.361,0.0
2018-10-31 21:50:28.502,0.0
2018-10-31 22:00:53.271,0.0
2018-10-31 22:10:22.291,0.0
2018-10-31 22:20:40.000,0.0
2018-10-31 22:30:07.119,0.0
2018-10-31 22:40:26.148,0.0
2018-10-31 22:49:54.681,0.0
2018-10-31 23:00:03.975,0.0
2018-10-31 23:09:33.533,0.0
2018-10-31 23:19:43.800,0.0
2018-10-31 23:29:12.077,0.0
2018-10-31 23:39:36.825,0.0
2018-10-31 23:49:05.282,0.0
2018-10-31 23:59:15.394,0.0
